iauname,dr8_id,MANGAID,PLATEIFU,Omega_sini,Omega_sini_ll,Omega_sini_ul,Omega,Omega_ll,Omega_ul,Omega_phys_sini,Omega_phys_sini_ll,Omega_phys_sini_ul,Omega_phys,Omega_phys_ll,Omega_phys_ul,Rcr,Rcr_ll,Rcr_ul,Rcr_phys,Rcr_phys_ll,Rcr_phys_ul,R,R_ll,R_ul
J090434.16+412352.1,549975_229,1-217018,8440-12704,17.5131762260305,15.338773651575046,19.325405163356383,20.70616917933628,18.135330686673896,22.84880273042136,32.26276375672454,28.257080511934262,35.60125092338381,38.14489364566358,33.408896367101406,42.092052012810214,8.949123405360265,7.841130476542255,10.589903823273444,4.857847159293713,4.25639603855577,5.74851098536299,1.5771237964334506,1.3352437351799624,1.8935743295656489
J104150.58+041950.8,355480_3224,1-79764,12495-6102,11.435272056605337,6.707297306076452,14.059614158480803,12.697979485388007,7.447931555398453,15.612107108001585,21.22634000784787,12.45019553953359,26.09768696623895,23.570198298328545,13.82497301048017,28.979449904907263,16.50528952229772,12.142411590326422,30.080068127226728,8.891899215348921,6.541484773508939,16.205043469052388,2.8746234918672826,1.4895524512085967,4.85096540643112
J112618.73+210546.4,449453_4371,1-489642,8450-12705,14.413589721782085,13.150799370642224,15.4760956774907,20.45066493257872,18.65895982304396,21.95819731753547,17.069317471131463,15.573855908873067,18.32759190678787,24.2187337761104,22.09690403628651,26.004031496771287,15.154684559223178,14.260220970328554,16.830756428827264,12.796844746082847,12.041546169370324,14.212145171161426,1.2311470727644425,1.0445662506092346,1.60051075193486
J112749.15+212310.0,452143_53,1-489649,8450-6103,14.09916858077088,10.68780363093136,16.002518148238615,15.54881394454618,11.786699987391076,17.64786170941588,17.55675905465559,13.308812650673016,19.926873970395317,19.361906232001413,14.677195363871792,21.975711127014293,,,,,,,,,
J122346.57+360910.0,526529_487,1-401864,8981-6101,17.98344720469293,12.911696559590396,22.340961605165543,23.430471683115584,16.822533365100142,29.10783801933162,27.06106439496354,19.42921443649163,33.6181486097407,35.257617508154894,25.31414881128019,43.800783580232995,10.335479027795715,7.449960953779576,16.46518527898484,6.868449027680077,4.950876193704105,10.941949136162574,1.3574629124015751,0.9130595292954063,2.2850006447841404
J122939.15+325445.5,511095_433,1-394046,12483-12704,7.501295879195848,4.780626953069692,8.969485711431,9.017167877454812,5.7467025017463955,10.782051493091611,16.55126470286933,10.548233721239445,19.79075811023914,19.89596661876566,12.679835032082812,23.790101227317212,10.6828337121827,8.21567610713233,18.79021858385946,4.841629805451564,3.723474818003223,8.516025316655044,0.6787182645872543,0.4699522376715214,1.5567356928169145
J131507.90+302411.9,498864_564,1-625070,8322-1901,23.616627483615307,20.1566781516421,27.56202729860484,33.226632687286525,28.358771446308975,38.77748242432431,50.52524551485658,43.12305442774253,58.96600592592353,71.0848225607917,60.67055471059676,82.96027116049065,4.770538745045129,3.2823524632164,6.334483930572628,2.2298562884717983,1.5342448038360388,2.9608791756448274,1.534701782637244,1.0847353206931611,1.945418205219725
J090447.23+220142.5,454690_2474,1-567244,8245-12702,13.324151770225107,11.865827341796113,14.05853856859626,15.361779834335142,13.680437623371992,16.20847450611381,19.499404725404744,17.36520070692252,20.574152720878185,22.48139825017929,20.020815931780536,23.72050467650732,18.975285531010364,17.46248197143821,22.12959998424121,12.966015519906632,11.932300670139195,15.121392317184224,1.0877689958233605,0.8764268604227672,1.829122249344922
J132053.30+321129.9,507492_1338,1-625513,8442-9102,7.340712110269648,5.578186822037305,9.893344024246446,13.10453989523077,9.958103608255144,17.66146383558667,15.788196611642814,11.997406921814962,21.278325352509537,28.184874881766824,21.417608439689477,37.98577839547215,7.91965086872848,6.016581459773703,10.074893885249862,3.6822367032287326,2.797405775376206,4.684315591724812,1.0645689693581883,0.7810737008522344,1.3974274401421267
J130710.50+341756.9,517134_2774,1-624367,8323-12705,13.070866581789502,10.765885288831422,14.832565320098402,14.466084651039168,11.915063699647265,16.415831664256434,19.379745343328036,15.962225150680878,21.991758304094912,21.448389431405516,17.666074303780594,24.339215404084975,23.45768562692015,18.507023991538556,32.18483465849164,15.821274929837688,12.482250779557276,21.70738945870255,1.4185860059181392,0.8992278573311511,2.5957108948350163
J153619.72+092039.1,384390_3459,1-336095,11963-9102,13.194011729330525,5.826687102278781,14.7552170554532,17.783718968380203,7.853575399911307,19.888009713399335,19.79840099591263,8.743291282073228,22.141082639496386,26.685530266121287,11.78475798027569,29.843143950006535,11.148764275176564,9.772575870548438,27.72387296654508,7.429737716929199,6.5126209277409846,18.475689283118477,1.8671703409178573,1.469616442094206,5.597547950162457
J085036.94+572134.7,609104_3127,1-48116,10001-6102,14.804896125520216,12.142037108113255,16.83555561128981,17.17285702023208,14.084088495058888,19.528309210523883,28.19394397200246,23.122885228625073,32.061063287302055,32.70340869417073,26.821262274304672,37.18905226227001,13.655517363322204,11.345934727331088,17.88702694718642,7.170636229715965,5.957853404684158,9.392640356044074,2.12441185788128,1.6602924629283191,2.983420999291825
J132247.11+323723.8,508713_3436,1-421842,12622-9102,21.228294176879334,3.2242142797698397,32.87312436420566,22.67083287916418,3.44331120033603,35.10697102966395,25.26078278609647,3.836680229624998,39.11764398709722,26.977343547659828,4.097396407449267,41.77582815033756,10.102779853254152,5.208052916001116,83.65409471567806,8.490029170717953,4.376668780449554,70.30002778466387,1.7402185488240896,0.8874029317832988,24.29545089697256
J134447.29+313701.9,503836_3808,1-627238,8985-6104,9.998010277994776,9.13701492389258,10.543515580432649,13.911634582337523,12.713610934600052,14.670672652837013,17.8244329328405,16.289452119862197,18.79695870621497,24.80163459571805,22.66580040798441,26.154846165310897,13.445167479264976,12.340019475132724,15.135960029497149,7.54161005590153,6.921714817402133,8.490002712143209,2.2002921975516916,1.7472655597205318,2.9066193386741954
J132538.66+334049.5,514757_665,1-422040,8444-12703,16.205813822686086,14.244067309495492,17.949019334401886,27.95248743917849,24.568782346130387,30.95924357640692,20.994948427698695,18.453467492319938,23.2533052259312,36.212993598008445,31.82933754096808,40.10830491815999,7.333503077164611,6.250758328557552,8.847695507355455,5.660665752330791,4.824904718011338,6.829457411900643,1.5126905639512307,1.2788585443674956,1.8468623617701103
J133813.04+324922.3,509941_2498,1-420924,8985-12703,9.34827481415925,7.01239107300186,11.945003129605263,13.2426998641372,9.933703507417736,16.92120679656854,18.922963410243185,14.194621182054354,24.179312402583605,26.806135887484373,20.10799978990305,34.25224262594834,13.350547930257608,9.533010146638166,19.56110620502246,6.595404127035153,4.709473707944821,9.663528513431483,1.8805271394670509,1.3977542884818472,2.651415577317187
J091130.88+284935.7,489874_3870,1-386733,12487-6101,7.290638933080917,4.697512852540305,9.637446278737524,17.636600477332394,11.363634679735398,23.313702845522748,10.795399704523566,6.955704338917153,14.27036583004653,26.11487872728002,16.82636866122907,34.52108150191302,12.109355339817624,9.068788480404937,19.67640040202324,8.178014701761517,6.124577521980129,13.28839457178864,2.1779753506193007,1.6184601518239887,3.6552342969543785
J011346.32+001820.6,331881_4909,1-551344,12074-12704,17.393251497471706,15.950370729294283,19.41457176940792,22.32349298005068,20.47161734287376,24.917770933632923,19.902850514931625,18.25178255652952,22.215818577343377,25.544455780315605,23.425380805499444,28.51305117559495,10.32938449766906,9.251510375171476,11.367610846002194,9.026927185493191,8.084964842905524,9.93424103856726,0.988469023782332,0.8680190853488707,1.1394313019075912
J081600.79+270433.1,480896_3732,1-218280,8942-12702,9.332479118718233,8.128401474043406,10.69068655874628,15.424921310969054,13.434795998590424,17.669795649277003,18.183092097590144,15.83710723898391,20.82937832609381,30.053403948462588,26.175909942808055,34.42724248822418,15.07683282609,12.760716125381697,17.962037728565868,7.738190334774715,6.54944253380309,9.219022877505338,2.3595866724176924,2.0287819889843353,2.8431797209590557
J143554.70+532324.9,596975_254,1-630590,8547-9102,29.51065624804437,27.131051244341545,32.38113042621739,38.35352077898179,35.26086742731892,42.08413219313445,34.43596394431971,31.659204545258103,37.78551823656685,44.75469632330719,41.14588131035065,49.10794414904952,3.7163667996403182,3.290171212098703,4.1920273624668125,3.1848222193855835,2.819584542324751,3.592449994319394,0.7482021944886794,0.6433595549911728,0.891452281833567
J142917.95+523956.0,594368_433,1-245670,8547-6102,6.0874542026179475,2.066525651414765,8.83181649812404,7.786594473872146,2.6433377043725645,11.296967705969866,9.98530074039081,3.389738867889026,14.48690057984959,12.772414375066845,4.335888379287221,18.53050819669084,,,,,,,,,
J133550.00+345956.0,520721_2124,1-591917,8445-12701,7.104657740601901,3.5896465829513233,9.326228736865986,10.73012804041981,5.42142476966948,14.085355288675276,14.079405534781037,7.113655831594074,18.481925701510377,21.26405375699309,10.743717810960565,27.913157318952155,22.48111012631921,16.790883032298645,45.5540804626667,11.344271083158452,8.472905820651677,22.98720280309904,11.632064299383456,6.799711668076809,28.488595603680743
J021337.49+134341.2,409027_1576,1-42230,7993-12704,7.217136004024044,6.0443850469706115,8.398814973032506,13.93795760491831,11.673104467687107,16.2200527966232,8.894004316578753,7.448770075670809,10.350240951902189,17.176377864199402,14.385296531144323,19.988707363678134,17.450431652972263,13.69615361155833,22.28221015687893,14.160341516100472,11.113891991525918,18.081140445668368,1.2502152797626358,0.9771299732475835,1.5909839387957336
J081321.12+575108.0,610640_3429,1-380045,10492-12701,7.437498754976481,6.161640128655534,8.787580392526502,8.441429551342884,6.993352574609938,9.973748333153043,13.874246445122685,11.494202078880836,16.392749772315916,15.747024342842115,13.045716079327036,18.605481078327184,28.28874104030408,20.65669509844448,38.41138214797901,15.164605667003723,11.07333250020348,20.59099988114659,1.8196273873935744,0.995809496983606,2.9890918983259356
J081614.90+574233.5,610642_1348,1-380300,10492-9102,12.121429510548827,10.974529612668176,13.965856203019417,19.11296761231617,17.304545545951395,22.021244033492636,22.84184121064813,20.68060228011606,26.317512260620394,36.016822181315426,32.608998900588695,41.49723091952348,9.49973987882996,7.300791936600693,11.337876468339507,5.041206015218582,3.874295159246383,6.016645906207493,1.081135323730502,0.8898278309541873,1.266283266431763
J081615.37+573149.9,609866_2595,1-380097,10492-12702,11.899609165092835,11.27897085412562,12.555452997859506,18.3378316019776,17.38140011970347,19.348516372848135,21.79091706170161,20.65438578811372,22.991917730460596,33.58078084634532,31.829335163022048,35.43157676006077,6.817714898171033,6.423368769414426,7.181792897530186,3.723025628409731,3.507680638812283,3.9218417629356703,1.4279015857770485,1.323078937736738,1.5449745976135798
J080750.53+564136.5,607502_980,1-380000,10492-6102,18.76002735901272,15.176554999328497,22.40988271739175,23.05128313106313,18.648110663634107,27.53602335256409,31.52458430105432,25.502872587553465,37.65784683473592,38.735664101446915,31.336518088215698,46.27187758746373,11.071759014877282,8.735135350908829,14.32860277804348,6.5887150183467105,5.1982090105546055,8.526836629009294,1.9371005389881009,1.3971090567287536,3.0893625477216156
J080733.20+562534.0,606706_662,1-605026,10492-9101,7.494512430525408,6.925464437847686,8.703684066238976,9.96898140858196,9.212050399102347,11.577386180467585,13.914301730748342,12.857807990455832,16.159248168498344,18.508397517929733,17.103080420534397,21.494559661051714,15.3551576811053,12.823888689030564,16.602490994633964,8.270585354593438,6.907194845087264,8.942423237955643,2.264566328190865,1.9923690363438065,3.2714819514290476
J141013.90+510649.0,588113_3275,1-197191,11016-12703,18.285507424839672,17.033298280390134,19.72998363837911,23.17490681626092,21.587866896457207,25.00562449170304,20.18638953194225,18.804006151594788,21.78102723264515,25.584069694670145,23.832047982634933,27.605100845781905,11.478262515701353,10.325885444581507,12.655683446330867,10.397394448521853,9.353532718972168,11.463941744417422,1.971929615292722,1.7400057857087572,2.1858692848110812
J082753.39+550927.9,602656_363,1-605245,8723-12701,17.54143631862629,15.06189484398415,20.03901756061588,19.696809567770188,16.912598779423583,22.501276728265314,22.805697751819423,19.58203508209013,26.052814001641377,25.607907899807017,21.988143328478,29.254007868784004,11.16166288284066,9.383304586417545,13.460567677511351,8.585205364028122,7.217347245943655,10.353451724965856,1.8531758758759809,1.4865372464195363,2.399147737233019
J081721.40+552025.8,602650_3125,1-379865,10494-9102,5.577131396840219,3.088539994758307,8.179752853923627,6.43471323350503,3.563457226010594,9.437533418302364,9.050656040989711,5.012130999322491,13.274230839013477,10.442353255627848,5.782834108530008,15.31537680693588,,,,,,,,,
J133629.02+522513.0,593458_596,1-196372,9884-3701,15.389826536259738,12.394780039154425,17.99932143509567,17.495137405740714,14.090371934214184,20.46160825628283,26.209945794972143,21.10917314119344,30.65409724070821,29.795436745156216,23.996884159586187,34.84754308383948,,,,,,,,,
J132353.25+512606.9,589892_608,1-319387,11017-9101,17.90614468017017,16.85206279547043,18.830928323571253,21.587794558700608,20.316984812583357,22.70272128701517,35.11944445096322,33.05206641634504,36.93322895754943,42.340289624862294,39.84784174824414,44.52700306883996,8.43448727821834,7.762292590577491,9.23652064906164,4.300442443436488,3.957714489782634,4.709370483192276,1.020648799738889,0.8946605992929779,1.1886886576363196
J081329.19+290213.8,491086_2892,1-164244,9504-3704,20.727602101029987,14.318501954174648,29.428737095394062,34.26776315672572,23.67196317901092,48.652853710290024,22.07988743309609,15.252652468807888,31.34869143074641,36.5034194209519,25.21634098171848,51.82700478260888,3.695235785685304,2.5599085771529633,5.940274920658528,3.468920630472246,2.4031266718645656,5.576462076594574,0.846596391526355,0.5678198920133974,1.417545731518949
J075326.29+501342.3,585121_1370,1-548157,8715-12701,7.922610542736795,7.01034488395842,8.81336074415415,11.719785202897498,10.37028587926054,13.037457070489122,16.238412083285667,14.36860596107837,18.064119500791527,24.02121126939835,21.25523836121065,26.721949701646725,19.488231697495134,16.82588088096604,22.737500301713947,9.508175375398633,8.20923256379156,11.093471374042783,1.7112097563532729,1.3840300343622638,2.1801981858237065
J073213.67+393336.3,541115_2923,1-338220,8135-6103,10.431349411820726,8.092691527118356,11.93314340971986,14.949164825876954,11.597634663332984,17.101385513994835,10.917113200429789,8.469549433134114,12.488842267448852,15.64531281744268,12.13770965560391,17.89775743959907,14.325468884261936,11.703906445881326,20.113187681053663,13.68804817504493,11.18313379909284,19.218238799460213,1.529809502419395,1.1709743370942485,2.4745068536287715
J141834.10+370127.9,530094_1975,1-313385,8337-6102,13.45220413518869,10.97115699089432,17.349566694642682,16.816169565531084,13.714691989124562,21.688137683134386,20.557433604166736,16.7659388108175,26.513317951606947,25.698189370731377,20.958563156986383,33.143449648729835,,,,,,,,,
J164550.03+435159.3,559879_3978,1-94696,9026-12705,9.605812090743855,7.848940151301524,13.661244594912295,14.629921596271014,11.95415629023331,20.80645919813856,14.24537296003813,11.639940354865914,20.25955978676244,21.696103103642766,17.727956071621662,30.85587855095626,16.32587232600239,13.151723326336908,20.584509918901233,11.008715757810144,8.868352081524367,13.880362052696237,2.10686855564207,1.6722423720166544,2.6746567784987527
J024744.89+002450.9,333415_863,1-37069,8079-12704,6.640060961105891,6.023177939405183,7.159969052134626,7.699438010684133,6.984135453486366,8.302293939504127,11.894990755918588,10.789907853277446,12.82635297878651,13.792756497163648,12.511365052809303,14.87271129614342,26.14232530236951,23.75472688598417,29.421037718678736,14.593255029342757,13.260441968723084,16.42350868526893,2.208669784773333,1.8943753254121425,2.630720718045504
J025016.86+000531.1,330538_5378,1-37211,8078-12703,8.330849197356981,5.813204039114656,10.37601354010848,11.431460298064554,7.976787192207308,14.23780265684813,14.785711741744809,10.31735867281872,18.41549902033487,20.288721203596644,14.15731737007522,25.269458242839452,21.392619067246056,16.728451382207396,31.743614354886585,12.053439597538071,9.425464813913797,17.885595823093567,2.1737992096683048,1.6421612831390244,3.859397369802945
J163716.42+442505.6,562981_683,1-94784,9026-9101,7.188046284082728,6.311463274826917,8.6385241068415,9.473430608657171,8.318144737821612,11.385076758422448,11.44588263854445,10.050056032766758,13.755550422107833,15.085013457856686,13.245394461407797,18.12902244331509,8.70869350498855,6.56670498265586,10.488675803592807,5.46908385876206,4.123909080658681,6.586917716688323,0.938771130017457,0.7628556916437442,1.1694362701096064
J080318.20+314634.9,504774_2859,1-201969,10220-9101,13.180942157246456,11.02696353381064,14.505468364211277,20.54527419743699,17.187844894890716,22.609827230076064,18.24674260663909,15.264930452913148,20.080320850584883,28.441391031926873,23.793608834516224,31.29940886820202,11.087255756488656,9.58793648215161,14.199409936476552,8.00912688688344,6.926060114017869,10.257260984852667,1.6042402543113106,1.2978799721762555,2.2990685807042572
J080241.89+345640.7,520448_1078,1-153300,9484-12703,5.2889648284029995,3.9092930787706663,7.188856646310029,9.924127722789022,7.335334054631963,13.489053879820087,8.323447320540451,6.152204837317117,11.313380128592405,15.617981397673883,11.543897258384897,21.22824276873019,22.341407176304276,14.18788522755953,33.44907984717811,14.196391497655473,9.015402280831454,21.254535535725783,3.059430072020189,1.8707755832025128,4.6942704229009875
J130117.10+535138.9,597776_3564,1-195325,11955-12703,8.362310264443838,7.586547106573612,9.13606631465586,11.223476084359987,10.182285435586191,12.2619728932632,13.978762832658392,12.68196698853729,15.272203517613384,18.761598814190407,17.021104060644134,20.497590440315037,,,,,,,,,
J130327.50+533155.1,596919_2395,1-195293,11761-12704,18.883310864473557,11.40600910521949,21.155721767337976,22.29562448223924,13.46713495721848,24.97867199033966,28.804708969520114,17.398790664282345,32.27105738616992,34.00987142105777,20.5428436718554,38.10260723295551,5.9705957535116845,4.680136851528187,14.083109844566678,3.914103620313204,3.06812608831429,9.232370353572469,5.263860921045935,2.8797090063203648,8.354075697514102
J032202.39-072827.0,287466_2625,1-583421,9189-3701,18.74670037005148,15.429593797008144,21.13818028123551,24.659537151686656,20.29619260787873,27.80530608986022,28.137448963945833,23.15871056921041,31.726888311722504,37.01219171287176,30.46312537106145,41.73376464053368,9.31913599972622,5.7031574113323495,15.229729939065384,6.20891575915375,3.799753961010573,10.146875228465037,0.9832760843623468,0.5356606791333027,1.74346328128776
J162852.06+424843.2,555661_2831,1-135285,9029-12704,7.548448943822897,6.427815160525983,9.370247455376669,8.864739502114915,7.548690782685474,11.004221314929012,11.96240469156037,10.186480269656167,14.849499937733082,14.048396193543628,11.96278794570514,17.43894006097737,26.972135817348708,20.713017205069303,32.5383104897051,17.019804577147806,13.0702109547672,20.532140634155237,3.301067264522474,2.641505500583791,4.224085740843249
J172331.93+272731.3,483949_2047,1-178414,7962-12704,7.165172170026476,4.5580219656889644,9.912689335269404,8.959169425358997,5.699247703487409,12.394602824358886,15.89407815240551,10.110790867817167,21.98873317439159,19.87359628607106,12.64230450568668,27.494215251726228,13.39747652092408,9.036912435117475,23.08280472911817,6.039685032112404,4.073909342975647,10.405905172059413,2.992602580257296,1.887084261145438,6.154816641199674
J161154.20+301959.9,497772_3528,1-633759,9028-12702,11.6041016089827,10.46758877368483,12.766565066738943,15.200573151967092,13.71181968588905,16.723320144498945,19.279081477229777,17.390876401994667,21.21040097714147,25.25426768673876,22.78084920600012,27.78416309161034,14.366254734490656,12.724283707507364,16.403119491188843,8.647065467120616,7.658761192426632,9.873056737939075,1.89183560006027,1.6767480902535985,2.1433740371022445
J030510.60-010431.6,324793_1092,1-37385,9193-9101,11.652524108091889,10.02844182500966,13.619421456022636,28.09502268525323,24.179250603372108,32.83734504366007,13.151618944469607,11.318598808795391,15.371557232767984,31.70944159095029,27.289906233925745,37.06186274803625,10.231925314565434,8.826373723622691,11.84245103777014,9.065633432932293,7.820294447079571,10.492582456895349,1.6696482761883191,1.4600302675678518,1.9289921388146432
J030511.04-001833.0,329113_975,1-289694,9192-12701,13.28050083039022,7.859395272803465,17.66702014397403,15.032053849669245,8.895963674522523,19.997107154249218,23.55202627718618,13.93808007332666,31.331207157360492,26.65828132455191,15.776360613132988,35.463451204102434,11.438093120660138,7.710585068254024,21.873266813756423,6.449704301415034,4.347839553021084,12.333883066563237,1.880868732058396,1.1053371641530263,3.4537460426182234
J030523.27-001431.5,329113_2278,1-37415,9192-6101,10.694000242421978,10.31467163306622,11.318195364532109,11.67071821987811,11.256744289433662,12.35192312162027,18.521578208341108,17.86459631703971,19.602659048938637,20.213214452670325,19.49622825899836,21.393033938130262,5.886110560862298,4.894074650777812,6.629656149790107,3.398526143762227,2.8257438385180027,3.827834954210403,2.0531514126094823,1.4704147543280122,2.776003087578537
J171544.41+292415.4,494077_371,1-177959,7961-12702,12.743967621900437,12.26596452000809,13.181264775629405,14.037929395886117,13.5113921357123,14.519627619798722,21.928276481023925,21.1057866185207,22.68072447648608,24.154769232549206,23.248767666850743,24.983617213630204,14.197633579261694,13.537148507756676,14.974094640530728,8.251181199684913,7.867329765975905,8.702433929603838,0.9220762967965632,0.859535081556825,0.9904002798763116
J161101.21+494743.3,583583_2243,1-92763,8563-12705,5.9555444858283675,4.5581254353734355,7.656675298123332,8.414692859887245,6.440255067656066,10.818250306904048,7.130188467896676,5.457148962930744,9.166842434477228,10.074367865647009,7.710501117569485,12.95199183964754,,,,,,,,,
J160153.02+452106.9,566025_3411,1-209980,8549-12701,15.500988259072308,14.46735045606557,19.78326450058256,19.15557774770456,17.878244395305323,24.447464568752125,18.68021381694686,17.434578709898492,23.840777419581993,23.084353212437424,21.545041025398625,29.461596757176924,12.419966984499569,9.292275363710337,13.419485620578277,10.30618622952463,7.710803137717132,11.135594650349246,1.651077865103889,1.3923513963561462,2.0111433243569885
J172030.29+523835.0,594472_173,1-595146,9196-12701,10.729473475313346,9.927694868062195,11.648288444014288,20.810348042527423,19.25525851196106,22.59243542354797,17.34279083304871,16.046820559021477,18.82793508109759,33.63720634520304,31.123607470353427,36.517717561933765,13.635779431444334,12.452735062711948,14.91206303463557,8.436054792640672,7.704140114280825,9.225653836949183,1.1715860732038992,1.0524609380866357,1.295777124551176
J074743.27+412310.9,549917_46,1-43654,8140-12701,7.404182729800389,2.945584819591996,9.601947053231596,14.51845845056936,5.7758367636919665,18.827934753126776,12.916046477022928,5.138353795448411,16.749882996579704,25.326371723315848,10.075517961393466,32.84393284338846,12.924055090369976,9.41878510807932,37.34397760895148,7.408773704038471,5.3993616511835505,21.407606001274083,1.6939247093749823,1.2355127688959178,5.288893856417157
J032033.65-002021.2,329128_667,1-38017,8083-9101,46.44314459923749,31.255070472214356,50.18764772042413,60.76753706386808,40.895027021604335,65.66695191111799,61.199552976716035,41.18576288623402,66.13379933565665,80.07524330869292,53.88862865099791,86.53135219379418,1.358039245422493,0.7487774825968827,3.7925759568927977,1.030589440262618,0.5682325965702849,2.878111767198325,0.2332895909303861,0.1299794498394956,0.5002878167133722
J032437.31-002638.4,327692_3449,1-38348,8085-3704,8.821769622813674,1.1528535816687977,13.860527115541196,13.583961032230194,1.7751901034410764,21.3427541495501,12.058089260642738,1.57578490332196,18.945345469750404,18.56731944304412,2.426429348885552,29.17247282650603,7.416189528270658,2.940157921393287,77.97447270047383,5.4257282462710545,2.151036974148236,57.046586714957535,1.7644992909990802,0.6630578150989188,18.08599385528851
J032646.61-003853.4,326254_5080,1-38299,8084-6101,11.307577722297326,10.123662778919313,12.492600605486087,14.461236425509806,12.947130193003176,15.976759599817935,27.24474949064887,24.392196376026856,30.09997210207522,34.843250554108494,31.19512661280408,38.49478850903923,10.343412016458732,8.956949294199699,12.01467116989192,4.292898172177898,3.717464913142321,4.986532473276275,1.5232796486668143,1.251289937615114,1.926312014962984
J122843.18+532127.6,596036_2934,1-151429,11956-6103,14.11452740592104,12.78245743572678,15.35296661571916,16.44758355642991,14.89532952002553,17.89073016679171,19.42231241321374,17.589315928576216,21.12646817739344,22.632717135212733,20.49673610143963,24.618560764150605,15.259134272753013,13.669295390153904,17.285591948491536,11.089074477911977,9.933711305801875,12.561736012369174,1.344770410946262,1.1948140401001195,1.566399365161447
J132956.49+505301.9,588087_50,1-319668,11017-12704,16.65163249636591,10.926241867363208,19.213048963013296,19.306673825871513,12.668390797226689,22.276498692266443,32.564379613304155,21.367651970054272,37.573554430600744,37.75664972627364,24.774645194734628,43.56451897605567,6.887057584145397,5.217081277478891,13.515947519727236,3.5216624187013856,2.667728394271568,6.9113121027098305,0.8368661759106953,0.5331729220761893,2.4025634641929448
J173207.96+565243.5,608603_22,1-24416,8626-6104,13.941644791764029,11.554518518645002,15.98673625821326,17.47857020556467,14.48584196026417,20.042491127882993,24.7174637593878,20.485272506046,28.34325361141832,30.988160441239884,25.682283476951536,35.533795007742185,18.02467443760361,14.36592258985421,23.98668178052215,10.166642133775404,8.102958774548913,13.529454331256211,2.7198289911603015,1.7558236826991336,4.157184962989791
J130237.49+502620.9,586242_343,1-623940,11018-12702,8.334400165333259,6.661695080685191,12.17704571395631,13.20084840000088,10.551452426407517,19.28721098591383,17.470809484261174,13.964436946643426,25.52587367169729,27.671998326445532,22.118258239000685,40.43040673991635,7.503010904602833,4.598916209750153,10.370961635115634,3.579290094151214,2.193899947991814,4.947437864527084,1.526746698566809,1.0117950687376107,2.0548494192211093
J123106.77+522451.5,593419_459,1-151624,11956-12702,10.798190531282074,10.392242368550798,11.16336756238262,12.368417887374122,11.903438453761922,12.786697423231312,13.647668627882702,13.134596924896512,14.109210318273908,15.632255079131053,15.044574651532,16.16091221688631,16.20240497821937,15.490697051221035,17.001912938666106,12.819526967584991,12.256415566810594,13.452106752717125,1.0008575256272882,0.8890677377937227,1.11206337942368
J033758.99-061611.9,294636_2314,1-604111,9190-12703,12.769962563784484,9.108170429886917,14.119921863290744,15.703807529571511,11.200734118290928,17.363914276659646,28.595092376602647,20.395437615697347,31.617983844077333,35.16469408030946,25.08120326888215,38.88208209541872,13.04151522185464,11.240429404400794,20.244387027453627,5.82406445710163,5.019737681019315,9.040714436679906,1.5090592257255144,1.1665750216069612,2.5301839541635265
J173534.20+595323.7,617662_147,1-25740,8624-9102,8.726978928856948,3.9811865192385767,11.528689828763229,12.50287547720874,5.703724015763342,16.516800890599736,15.338795272174616,6.99745071653799,20.263164891468666,21.975422287803827,10.025033368361608,29.030415849229502,15.569941218259457,10.957083848133143,36.63572773223381,8.85848898327644,6.234012395865309,20.84382888547526,2.530105878192132,1.672530268981641,7.586808996880324
J153254.78+443219.4,562935_2334,1-569138,9870-6103,18.36582321657647,15.426214274174438,21.21793125446345,21.66090500988306,18.193889711047863,25.02472053604111,24.92184437028939,20.93288750687302,28.792065258799095,29.39316671025628,24.68853601180782,33.95775856354218,7.184613535991581,5.677655331875579,9.323993850165037,5.29460581331411,4.184072918543342,6.871193808140644,1.151077990863986,0.8369060547966881,1.5976005153587294
J023107.02-010618.6,324759_457,1-36386,10226-3704,12.510105665580628,8.85634692275977,15.940094201753023,28.26400761186507,20.009092131563705,36.013360390052576,15.587571385794943,11.034993913416802,19.86133154332468,35.2169076805436,24.93129636976742,44.872588683786326,8.853516545001106,5.701242175677007,14.208523417704209,7.105560240825268,4.57564172618843,11.403324155380698,1.65585607779021,1.0256236810463475,2.6582290551414736
J170845.72+620236.1,623253_2305,1-23015,8610-12703,14.817051340957564,13.99847642731454,15.61809523613109,16.565230190759255,15.650076321014938,17.46078465777876,28.16171516068717,26.605908068895783,29.68420229311188,31.48435430697708,29.744986465502453,33.18647095830903,9.123358553678647,8.4967089907815,9.864650577262196,4.800178942244592,4.47047250592649,5.190203552230448,0.6937121153271236,0.4674273410740636,1.1647206557756835
J024646.71-004343.7,326214_4419,1-109081,8077-12705,11.744391937136992,9.91485494554828,14.511517174197508,18.196970108245026,15.362252898016756,22.48440325029968,13.597589434427388,11.479362028540484,16.801351118181604,21.0683473275486,17.786328046030498,26.03231275932796,9.31112489670442,7.876238327693549,11.396959271834769,8.04212398748131,6.8027962130207404,9.843682751673812,1.1937388964993338,0.98335229401901,1.416969409870775
J025134.00-004359.0,326219_3633,1-603795,8079-9101,9.671848029910056,8.262970095097357,11.084778532001325,13.178255435981477,11.258606445875037,15.103426200892828,20.618572703543855,17.615108211595622,23.63067651166112,28.09357808067038,24.001245142291666,32.19768241112593,17.283124934998376,14.186195350486022,21.45730185424213,8.107241963674939,6.654521024577747,10.065282677421566,1.8359160729698831,1.407418866895262,2.483626775106505
J091443.09+301027.0,497411_823,1-605717,11748-6103,11.640140828919884,8.158008162690216,13.52393663680707,13.937215721741577,9.76791615275437,16.192761332066674,23.608743427676195,16.546219193098306,27.429492038212334,28.26771212709668,19.811463595052626,32.842450387246046,13.298285580328129,10.487051511836146,21.576100602418464,6.556635147161253,5.170574065149443,10.637959208649614,1.6666838331013725,1.259053221663203,3.6098004385776106
J153632.30+414756.9,551349_2327,1-593934,9872-9102,13.014248463429418,8.528812585346937,21.516680043252304,19.382609611667178,12.702281292491328,32.04560068062598,15.917889447411332,10.431696938377671,26.31731944923685,23.707111314789575,15.53631851366372,39.195373466511825,10.388343170204909,5.45889726373999,16.584457650154384,8.49336713809149,4.463119659258643,13.5592254992971,2.1278109816507405,1.1785817251370692,3.31693358056363
J091458.19+324722.3,509719_2696,1-300625,10505-12701,8.197372217898048,5.705653920974635,10.032792622345347,9.33477749205531,6.497327238926844,11.42486692858049,8.449237456797071,5.880960818073168,10.341051372037612,9.62158964363388,6.69695839312336,11.775897327331167,22.469651217974665,17.80503338381181,33.49647595187189,21.799848280025486,17.274279098617555,32.497971890288596,3.997523860645405,2.471923111586394,7.058090443511287
J160734.21+362902.5,527871_1733,1-323378,11944-12701,5.612009628722665,2.6031964297364496,6.241757098626458,6.7265892852305855,3.1202072644343035,7.481408479013773,9.39554170952368,4.358232122142468,10.449855406646613,11.261554126485672,5.22380384832373,12.525261013594692,11.591527530250035,9.791865195264103,34.07152341180942,6.923684245414832,5.848735864082748,20.35111155522908,1.0358882099066022,0.8603040895359835,4.358574169336079
J211936.44+004215.2,335967_2130,1-179947,8615-6104,14.063733606414909,11.422871103697668,16.137671985195837,17.677027293233145,14.35766702627564,20.283807708177292,20.366427831178537,16.542056787267185,23.36980641469258,25.599027307598515,20.792088182142137,29.374042298530455,19.844627290023222,16.36771446714421,25.67559456046863,13.703412009160768,11.302481609434947,17.729899670081277,2.1337292891193114,1.6384323657026691,3.2436832329626353
J094104.11+344358.4,519344_1464,1-567397,11751-6101,38.85146053852461,19.255813075029955,47.44461242623576,46.28252195964931,22.938843975048663,56.51927330523196,39.791084477567274,19.72151559123492,48.592062045796055,47.40186638041908,23.49362072305657,57.88619391719275,3.8485918354941537,2.4280184146183297,10.44128129077059,3.75771145191795,2.3706833543462738,10.194721590679547,1.0101204007963207,0.6162142955750849,4.047194747567921
J162412.39+300947.9,497783_523,1-633942,9025-12704,14.190708442075918,12.672184327779265,15.328574437440665,17.87357189476901,15.960950686207896,19.30674415377073,15.014417331558423,13.407749498648617,16.218331497756047,18.911054985667626,16.88741443666024,20.42741665939927,15.755097161753206,14.18484811081633,18.25247229509997,14.890753691059912,13.40665038080653,17.251119838158072,2.0331490712572977,1.525500560644513,2.8051271652777476
J162123.19+322056.4,507645_4256,1-323794,9027-12704,4.511682055965825,3.775369685855628,6.875008043683573,5.514452512050129,4.614486701374546,8.40305343031089,6.538047556043898,5.471029705014652,9.9628318175371,7.991199805769862,6.687025620616438,12.177179655357913,13.27315174790931,6.594841250287402,16.83735107308323,9.159346128003568,4.55087343366903,11.618877662675189,0.8184046359721814,0.522534501769976,1.0782901601946335
J152041.33+490623.5,580730_3118,1-247082,8596-12702,26.876626772178255,24.670538392665055,34.698699730629194,36.227465835573206,33.25384150107149,46.770972030293336,35.36933681256141,32.46614945967336,45.66309634514793,47.6749352463513,43.761679258814446,61.55007013390402,6.219893436223879,4.422034276218928,6.9215720569194215,4.726403419267399,3.360237299487793,5.259598443601393,1.3363439532348158,1.1807297512803987,1.4983812246739965
J150133.35+490644.8,580717_2964,1-246549,8597-12703,8.068881011442544,6.65523435332671,9.328704716243282,11.222890306329408,9.256669543692732,12.975160940168443,15.435585766606929,12.73131187731789,17.84559984646256,21.469133777894054,17.707798200541703,24.82118762731545,19.566046112418015,16.220676682825758,24.65096115465092,10.228060038190796,8.479283653876674,12.886175839525285,2.1965542489816254,1.704775559735202,3.2115454416998164
J144904.64+495649.2,584462_948,1-197842,9867-12704,11.617262793587356,9.052254727623335,13.444319047346342,17.357975923954314,13.525459689723249,20.08787874426105,19.050288267549224,14.8441216400562,22.046342409868355,28.46405826982227,22.17939893574357,32.94062358415309,9.150246163973325,7.352085229058904,12.711291627577989,5.580010801934603,4.483454790147231,7.751610537833487,2.917430878047298,2.4263937215878864,3.978774988593511
J151008.79+460616.8,569018_3161,1-198664,9034-12705,9.195504885774016,8.44751925647412,9.960536749334592,11.503893686868452,10.568137872950778,12.460974927625896,23.703344796404448,21.775254768256023,25.675375072878584,29.65370166709132,27.241594558449,32.1207795415146,10.029226380758413,8.989647465546536,11.201251894143976,3.8907504817120584,3.4874549520689797,4.345427508400021,1.56530769446515,1.2819795090152344,1.9383950184650045
J115211.60+515927.7,591624_1280,1-150173,8991-6101,21.98883940523391,16.788556017097754,23.35006233088519,26.433289209669983,20.181909032773227,28.06964657303355,46.65251461468548,35.61935855335277,49.54054664140881,56.0820600142638,42.81884954235447,59.55382968806459,3.3064854219157858,2.729592361038094,6.1526888748844515,1.5584535482974085,1.2865451854920242,2.899961313931322,0.9920117769624426,0.6486054827998337,1.5663683519240197
J112825.07+510142.0,588011_2121,1-149536,8992-6101,15.84166997382292,12.638169628026995,18.283167194876366,18.777267450079258,14.980130982217638,21.67119507097405,23.581071509704085,18.812510438781484,27.215355057811077,27.950846547670128,22.298630163367932,32.258594044303514,9.918066323588622,8.468655212211111,13.349315268967226,6.662917476507402,5.689208861384231,8.968016859643868,1.4974265880005748,1.142757587031921,2.791455800727994
J114945.30+503137.9,586195_2152,1-617323,8989-3703,13.914090300274744,8.982669489085026,17.940596243240982,18.61588416539786,12.018057314286548,24.00301092740151,26.170037583679616,16.89487368976508,33.74321050295089,35.01331224307697,22.60392198198429,45.14558153177766,11.726292438811823,7.876179955841902,22.31462183411233,6.234637277816076,4.187608778794477,11.864242159512616,1.2056040717166945,0.7972687003975664,2.4345207241725326
J115005.84+502802.7,586195_1349,1-175184,8989-9102,4.785157156757236,1.666168617685399,8.67054033423376,6.639095729770883,2.3117010773894178,12.029813321079594,10.079145789814472,3.509509898614344,18.263065818392384,13.984162187526309,4.869217753606415,25.338821341780392,,,,,,,,,
J161652.00+501655.8,585444_2524,1-542392,8482-12705,15.96480530407347,13.056171024499545,18.155991518584532,18.08871459237534,14.79312442796616,20.57140957663078,19.399375588327583,15.864995571545167,22.06196016418958,21.98020969275556,17.975626475679977,24.997016446956284,12.232303631479729,10.359572975445383,15.64244048776943,10.06663049579733,8.52545819494517,12.873018295395768,1.7590965690196696,1.2435140226437935,2.9789815584423662
J145604.37+452418.9,566993_426,1-576436,9033-12705,8.937231794304177,7.92006307449602,10.343007835122304,18.49550633448264,16.39048646552957,21.40474492941156,12.426933061931331,11.012592706363716,14.381619385547468,25.71740606656576,22.79044371316829,29.762608665362585,12.367072105674042,10.693790479789968,14.222300495044484,8.894180846911617,7.690786117645087,10.228428489877544,1.7455570874274229,1.482332282785659,1.992717308480635
J145709.37+483802.3,579765_95,1-198153,8597-12702,11.619288547078636,9.50625535068927,13.15716819949892,12.42718414524122,10.167230574922112,14.0719934256383,16.509892615033802,13.507475468489904,18.695071837791648,17.65783463538894,14.446657753968628,19.99495058543516,20.874642169354097,17.959569214802528,26.40628564123363,14.69110044131224,12.639538109290957,18.584145849784782,1.997488628089045,1.4596369747584144,3.718025380181108
J144413.71+020804.7,344212_127,1-70172,11835-3704,6.123277704781929,2.2244849037550343,9.948053007080471,11.512205679776995,4.182192769664511,18.70306033015581,11.146109963284012,4.049196287399458,18.10829070367077,20.95549419986774,7.612782360324468,34.04489836008113,16.589790898943505,8.737485749680882,53.02097434819698,9.113843042381482,4.80006494311557,29.127843811122148,3.2960652641654717,1.6786568668426394,11.344948244026044
J143310.59+035632.9,354273_1558,1-82432,12506-12701,22.84817923530145,17.04633664048589,24.75519285598732,25.42859416274661,18.971506303782466,27.55098102446763,38.00225206939491,28.352332813926317,41.17409397271398,42.29412922540438,31.554372769386397,45.82419084113602,6.4755878285017765,5.648326554899365,9.969437196426291,3.8933321922439665,3.3959560415048924,5.993947083006547,1.495399348792132,1.2977883656836822,3.454832107601771
J143419.01+033951.8,352837_809,1-82382,12506-6102,14.786581058964932,12.136311716832289,17.211858879597397,17.043228727503262,13.988489676783304,19.838639273047804,22.09073527243541,18.131307585653968,25.71403196854477,25.462103274953797,20.898409245432887,29.63836782814196,12.226497463335969,9.998264992811826,15.589071813121214,8.18388766056293,6.692405388140108,10.434649238967118,0.979596798096898,0.795188326650389,1.2556388146690507
J170727.44+311451.7,502778_2553,1-177624,7959-12704,8.522653684239026,7.51218621795952,9.166773898830415,12.920744141389315,11.388827900425554,13.897260705053402,13.686020289331529,12.063370964651671,14.720374453219328,20.74865095120955,18.288638197886165,22.316780550079702,13.369154981792704,12.33604042526584,15.49777951403037,8.325333117440774,7.681984839761528,9.650884981935564,1.6445311044432964,1.3670634270873554,2.2834831049728876
J155813.00+543656.1,600420_3906,1-91580,8481-6102,6.25039179978218,4.228168833156995,8.1234929649445,11.174663964476323,7.559264668376139,14.52345821012464,6.793703930053326,4.595700259901899,8.829623461944779,12.146015949773536,8.216349907480986,15.785902433112671,19.451755991443537,13.786074882953669,31.197230738130585,17.896142868758815,12.683562646646026,28.70229806732149,2.875836251676065,2.013770607709272,4.928096701272352
J111456.27+502005.5,585251_2847,1-149200,8947-9101,6.027594184637817,3.995560019536186,8.245067872264045,8.892757337111115,5.8948138496376306,12.164287370726653,6.519157424337263,4.3214065127560675,8.917470849418928,9.617980779928878,6.375548568099297,13.156311107797258,10.24567257298884,6.990722856920354,15.574723078240016,9.47311936172931,6.463602225876829,14.40034411552618,2.8294817435826634,1.790617942120443,4.975401522680658
J145335.06+000037.4,331261_2924,1-549301,11834-12705,10.304075239983316,7.504228715386532,11.950155017247264,12.41216484815913,9.039503468708936,14.39501270910451,12.321425575858582,8.973420075784086,14.289777804963272,14.842240749411337,10.809273674577032,17.21329412177864,19.45223004292231,16.278280013412925,27.79190526131255,16.267374315878904,13.613085677712697,23.2416193330858,2.766396095212144,2.0572657221619495,4.206622987542784
J145509.54+004653.7,335583_2879,1-14197,11834-6103,7.862688310086431,4.368293350643343,11.229705352132566,12.230957628734345,6.795183628614853,17.468586433587735,9.283552912533338,5.157686640858238,13.259022832552738,14.441211178579758,8.023139704737046,20.625330684333218,13.53211748032724,8.944105548896681,25.524304210584628,11.461002369000411,7.575193980803045,21.617763180808815,4.8191778111046135,2.8838172494258822,9.778037197567755
J172352.24+303321.1,499079_3760,1-547535,7961-12703,13.585969796211709,12.579556506608178,14.714982904881948,14.694118321811724,13.605616273014178,15.915220124224303,23.959160768179338,22.18432848410001,25.95020056774925,25.91340541012422,23.99380776823155,28.06684567513014,5.0412716918453215,3.397585070707748,6.513669669404879,2.858637896485564,1.9265903592082685,3.693556725432821,0.8266933390445921,0.4852278565559357,1.257224157237561
J170701.68+312518.6,504009_829,1-177478,7959-12703,9.706220867657525,8.826861918998063,11.297747001149826,10.806079664722205,9.827076303613469,12.577949316309445,15.589001061849151,14.176677174796785,18.145124904821195,17.35546611442768,15.78310498191605,20.201236703894796,14.86441120580398,12.078579541280895,16.902704419249815,9.255067573528208,7.520517852946717,10.524175455698428,1.0094032016755985,0.7728270829503872,1.2757041417453654
J084715.58+511444.9,588817_1774,1-47608,8244-3702,5.569077287969122,3.423690660603814,7.592155040998168,9.05738773280143,5.568192392885273,12.34766342396012,10.069600993443474,6.1904687427728975,13.727583222514602,16.37691053583484,10.068000990434957,22.32614802262085,15.144800823944763,10.39052095279833,25.963640603535847,8.375959122348942,5.746564763199054,14.359409205219972,4.519376080408934,2.8670157467236757,8.229849608232872
J082420.10+203156.9,446586_2559,1-605215,9489-6104,13.645193271021077,9.938840643457429,17.074269679236593,15.762199973311306,11.48081896778639,19.72328626916063,33.78129654700345,24.60550880016387,42.27063376102984,39.022353216676294,28.422972284087848,48.8287830818023,8.876995191525458,6.648648362366985,13.281758026024896,3.585662109971154,2.68557163782403,5.364866768564607,1.2659931366800743,0.8243268514957984,2.446547782831737
J220315.99+003415.9,334571_5788,1-26406,8652-12703,16.08571053089496,13.978721222842196,31.993580266334764,24.404884986875985,21.20820731243668,48.53995384404345,26.704460602623044,23.206572656736167,53.11368137069542,40.515418227367334,35.20849983837904,80.58290509404566,9.905409389523715,3.676381439915722,11.692300306815495,5.966626718318239,2.2145067269334913,7.042979110285955,1.2129483284956024,0.5228848598552017,1.3314626839300294
J221152.91+000631.3,331699_6536,1-26682,12067-12705,10.169071398504054,7.484107908480231,13.244981838762362,15.539902563242492,11.43686607291245,20.240366023643222,15.315969378176108,11.272058485705124,19.9486981954739,23.40515298510691,17.22543619674031,30.48467397591477,18.4688735050206,14.118347839583237,26.13976469200485,12.262448995889784,9.373907956110994,17.355553992675016,2.701451368780563,1.924412972478139,3.832379191663131
J143654.60+464806.4,571984_2604,1-321256,9868-6102,10.431771228749362,4.993911875283577,15.281217260866365,20.090268748123776,9.61764109649882,29.429686947427335,14.427893170638944,6.9069408694092616,21.13502734315005,27.786292942134107,13.301892387307232,40.70338296459499,15.461831011144248,8.98483945661805,36.860267790560634,11.179337272476925,6.49629080489854,26.65100694008942,2.3554630319889216,1.3714670012097143,5.364578226227273
J171228.43+355302.6,525597_48,1-547191,8614-12703,6.140352296456796,3.944055949433862,8.066212451323722,9.228556363730885,5.927663572668533,12.123000872738702,11.559116538187098,7.424623238465181,15.184517963314349,17.37261208109316,11.158733363748482,22.821358305677556,22.497264975576304,16.55313815444378,36.463428297874074,11.950838301561298,8.79324120873919,19.36984500033897,3.2101609623322775,2.0785902000571648,5.769715494672593
J130558.70+252756.4,473392_1656,1-522064,11010-3702,7.941673732481781,2.712737491803882,12.688499498651106,11.36564194010045,3.882305424261501,18.15901117531126,18.03822315798564,6.161543006489272,28.819867600520652,25.815211321357705,8.818026774867604,41.24524715349367,,,,,,,,,
J075516.45+142603.9,413554_1056,1-458714,11743-6104,12.969312180431643,9.891666754893787,15.161541043730692,15.963873337535816,12.175612166271629,18.66227888238803,22.205507571604393,16.93609329205545,25.958949076091063,27.332668482114293,20.846567989549683,31.952764283947392,11.51835613077701,8.43866215864994,17.215685780777072,6.727392111336567,4.92867112214444,10.054965083375658,1.5135114757630703,1.1212597614681266,2.2733020435741467
J075242.66+145026.4,414947_3966,1-412000,11743-12703,14.037140499310768,12.55189942072417,15.792665481754142,32.665234199790866,29.20899268980788,36.75044191698314,15.035028497254276,13.444202933961057,16.915352209906008,34.98737702934975,31.28543434390475,39.36299857764193,12.4422850978618,11.621475736069096,13.501337999729891,11.61647974814696,10.850148221955443,12.60524238218121,5.64773770407174,4.735589030985001,7.312248590860147
J151306.70+411546.9,549168_1599,1-593698,9871-12702,11.12933572234843,9.179217714195854,12.301481420966413,13.90734401182426,11.470454454384573,15.372070556996766,19.10441522993547,15.756878134769105,21.116499211858468,23.873093720582183,19.689973439527552,26.38741666090765,23.556422628250424,20.4515026391798,30.12370312428773,13.722866295144376,11.914085626723253,17.548655702647583,1.5712512363028106,1.2281336321536092,2.646791526866604
J131345.30+245856.9,470790_1538,1-591528,11010-6104,9.717759449976494,6.609546421811299,14.253397128437234,15.096516445392014,10.267914817926222,22.142618909205098,19.93283740201352,13.557344653899989,29.23622969368243,30.96561601383846,21.061303027411707,45.418414053560745,10.29830358816714,7.176095841579372,16.368374402247067,5.02068195281264,3.4985271676073877,7.979994108220734,1.1870018991613145,0.7590255150870968,2.091738795293693
J134129.65+231001.0,461602_672,1-523085,9881-12705,10.334194647971636,9.525092724688644,11.288465641901103,15.398593665154596,14.192981406556846,16.820516880511033,16.83005678401111,15.512370038525038,18.384162891188023,25.0778328265118,23.11439750688749,27.3935477198489,11.650657395900232,10.37504142292874,12.685291176767285,7.153877307202308,6.3706081875596015,7.789175631983044,1.189286411804864,1.0414652062037912,1.35020744941222
J162926.76+382509.8,537046_605,1-211264,8602-3701,15.390172524854224,12.341578798314051,17.873724529833403,20.035754324094327,16.06693104805294,23.26897589731032,25.19228872662561,20.20202281211748,29.257633613174765,32.79667638378881,26.300079824294823,38.08916100396258,6.856887697241218,5.218412829593547,9.601933473295594,4.188928040212558,3.1879705184736045,5.865898661680897,1.425069860902961,1.0716078699051577,2.080462637164082
J164934.70+361203.2,526744_1278,1-136047,11947-6103,12.208629642541355,3.7020148034470095,24.23871469692707,17.10381380594716,5.186378304439849,33.95749360985754,20.320020551222644,6.161626578043595,40.34287182080943,28.467556000722915,8.632198438177497,56.518789432020355,15.128213523842271,6.608644387480554,55.785386670708846,9.089299668782216,3.970591051452211,33.51685219076554,5.606413706164764,2.4295459823846124,20.776671639858133
J170107.08+644036.6,630378_701,1-22662,7992-6104,10.786359846770342,10.106316975127823,11.421731224183748,13.178779204313448,12.347902524677412,13.955076232655124,19.78835855224838,18.54077063879749,20.953993373328174,24.177425181485475,22.653121720178053,25.601598318493288,8.588290503222396,7.675363423250505,10.011425385052394,4.68135806169894,4.1837341697304335,5.457089151540407,1.1137140295692023,0.935686360369958,1.4713152235238056
J150138.98+380320.9,534710_2710,1-252619,8441-12705,7.115008358627199,4.887370298034528,10.098232832078985,9.901639343541037,6.801534951226637,14.05325959864978,12.342191423243268,8.47797454819213,17.51710136768502,17.176076544410357,11.798418513188592,24.377767578692243,10.486604490102462,5.852570799340026,17.474852922871865,6.04530233262984,3.373881406371783,10.073877510752622,2.137253566807379,1.1956506578268318,3.7772444412387145
J163843.49+371515.0,531357_2050,1-634095,12667-6103,12.079455355773066,10.940551183197003,12.975726301164343,16.078724996483324,14.562752094654924,17.27173359073233,19.902888511548568,18.02635665605514,21.379642237347756,26.49234270814327,23.994528132654207,28.45802049288787,9.90834281403393,8.97236607162942,11.26814651568158,6.013568563295203,5.4455058287149,6.838860233754836,1.1651209134470286,0.9918377097320028,1.525993988480419
J212913.44-001741.1,330217_2881,1-289846,8616-12702,9.400441806309043,5.0639846159090025,11.411838530274627,12.543974722493331,6.757394633774014,15.227987897852454,15.38537202453012,8.288045269315708,18.677354202044626,20.53028163445844,11.059589804321885,24.923111468682396,26.526090096745214,21.073416862686088,53.44282722917957,16.20740570366413,12.87582962322436,32.653496225605515,2.548514407143437,1.9205752620137344,6.567209396093092
J162105.00+395502.6,543743_680,1-210923,8312-12702,8.834007607343082,8.254197057549748,9.698753452985434,12.650897469419824,11.82056947524578,13.88927211392824,13.810847930794749,12.904387840675511,15.162768135507472,19.778070033922234,18.47995776484434,21.714111370635734,12.88950471259656,11.603461517961255,13.754323707206812,8.244677173808407,7.422069074601981,8.797852302203447,2.99833890544826,2.651424973103801,3.624009448603336
J162811.56+394918.8,542641_3611,1-569169,8602-12701,10.0820754393939,8.507749754509135,12.863723427527866,15.91094946845358,13.426439550861064,20.300785752091404,18.72540053465592,15.801411401795797,23.89174480943747,29.551346195974812,24.936875334403705,37.70457250208796,16.574965380099002,13.854348929474003,19.111993496326715,8.924244427147094,7.459418067567101,10.2902236921744,1.3979329325264271,1.1091481494524291,1.725264200298114
J162951.04+394559.5,542643_2445,1-211074,8602-12705,5.238741911027349,2.983785842253325,6.181360550675606,7.940965880576334,4.522868652568114,9.36980176960645,8.234349616159282,4.689968740995284,9.715974701990255,12.48175429543819,7.109127035790459,14.72762447843456,23.313017472490316,19.235795167379145,43.56263563629907,14.831879553179936,12.2379266162722,27.714806353964143,1.8302067685024297,1.4117153676339305,3.970919306225193
J163103.40+395018.5,542643_3773,1-135502,8604-12703,11.254752930666829,10.19000113235062,13.136561896066429,15.23785946510149,13.796287325054948,17.78564889518258,18.419269889228715,16.676721575725587,21.49899517748627,24.937930468209164,22.57868664687571,29.10758407346226,14.520127278087394,11.95971131844934,16.338302656771297,8.872254221774286,7.307759581174328,9.983216534329108,1.678121963075046,1.3836505468988365,1.99652157614285
J162814.01+401849.8,544852_3207,1-211063,8550-12704,6.170868851490031,3.546542389994084,7.699689236277958,15.653601101575196,8.996489991743946,19.53174938755738,9.344672132556031,5.370601229145233,11.659795916455886,23.70456632743339,13.62356765957996,29.57732510518429,11.35423346902357,8.583639134719336,23.28478973896515,7.497907326511865,5.668311377595866,15.376396482984164,1.6242347453609236,1.179982595071188,3.4188999416282018
J161931.90+413945.2,551381_239,1-210631,8600-12704,6.268143576646403,5.8377128244914465,8.221199878051626,8.950272273309153,8.335660884867846,11.739038269003096,11.397433888459227,10.614776953234616,14.948697480863128,16.274377775712733,15.156823179013184,21.345221427847207,11.893996137209054,7.1542744495517745,13.791488573111211,6.541233423042265,3.9345715777243018,7.584780167005271,1.6886369448448146,1.2397581770665207,2.0178337736827645
J162911.07+405126.7,547047_3645,1-135139,11941-12701,8.08767917240037,5.96194313682718,9.554439289845767,8.91191624087021,6.569540746565681,10.528157814439304,12.342113335711453,9.098157373365389,14.580446387743203,13.599931196398192,10.025374984505408,16.0663787709943,,,,,,,,,
J162912.90+410859.0,549226_301,1-633990,8312-12704,6.792511138918291,5.304952944171079,8.005300904563741,9.488707232212786,7.410682785559749,11.182897611158008,11.458668920481887,8.949223370088205,13.504592160129766,16.007033692494364,12.501497425290436,18.86505869143321,13.759253731200795,11.41885616205987,17.914091474697795,8.156260110223524,6.768910788220556,10.61917983056349,1.7130542545470573,1.3903661492175274,2.217523663784192
J213833.31-065414.0,291415_5486,1-212402,12682-12702,7.990985114947012,5.3640198061154525,9.809687688411438,16.8396074181789,11.303736200104195,20.672205890961276,14.290076090668968,9.592340628675233,17.54241579437951,30.11384302201466,20.21418487017284,36.96758170544668,8.265746567347541,4.851766484662716,16.098741664808117,4.622190768230294,2.71309918254771,9.002387684755611,0.9482110732181968,0.5001034978745079,1.8410466204258005
J163137.91+412937.0,550311_2216,1-135044,8978-9101,10.438175628093427,6.983606456846701,12.09429858385388,19.17241495112537,12.82720329840621,22.21431400027206,17.19338850768229,11.503146074124398,19.921294840111138,31.580114248892432,21.1285091987674,36.59062125860073,8.607020329706398,6.808691014143926,14.892079666289511,5.225356816424132,4.133583823299315,9.041041732688877,1.527764454692811,1.180679045295443,2.6993748090762115
J165726.74+404408.2,547068_1718,1-95290,11945-6104,12.431387641945378,10.40568380843312,22.58264816203475,13.548395523415792,11.340674427412,24.611785753750844,21.39400357188089,17.907834827250536,38.86398440435857,23.31633688609307,19.516922502597048,42.356062532349306,16.191110367877325,5.808173227575786,20.41198373152396,9.408148814238428,3.3749481550271474,11.860766567374572,1.8279838763434533,1.1911854238684736,2.5529795143725593
J204515.04-053721.8,299960_98,1-96448,9187-9101,4.524285389939782,1.7600318314715104,6.625057907008784,5.688566014546051,2.2129588206992703,8.329951805872126,8.243007200086756,3.206684328858097,12.070502924041218,10.364264535641071,4.031893198665431,15.176728874102595,,,,,,,,,
J084236.30+271611.9,482205_2871,1-585263,11747-9102,8.520306172613454,5.800950250808781,12.8512793868869,9.5313923935048,6.489336412977632,14.376312788934316,16.58095233907178,11.28894639246089,25.009248106011057,18.548577926656655,12.628581132640324,27.97704123956279,11.639084199790425,6.283601146304667,18.42230922035741,5.980872444664033,3.228898107796971,9.46650781898285,2.6200514639470303,1.541519658108864,4.042539571550811
J032246.99+000855.9,332010_303,1-604053,8083-12704,5.561162497285479,3.649007510957754,8.981116669989655,11.65512255694501,7.647615003550984,18.822686001001745,12.061437184159978,7.914222053289798,19.478872378134614,25.278442890833908,16.586680935684665,40.823954514738126,17.55907340234711,9.218948805102094,29.022869782398168,8.095955647844006,4.250577404379122,13.381564114883169,3.949520677816678,1.932172007395685,6.498678521986458
J141235.79+471510.9,573938_1618,1-235398,8326-12701,9.73022637439029,7.493834712389031,10.759736066163777,10.4592732308576,8.055317706693486,11.565919956818242,17.264712165410938,13.296597051953867,19.09141051918731,18.558287838545727,14.292857766704907,20.521853377245957,21.4539851935078,18.945643149582136,29.43158250082397,12.091260518311662,10.677582973157142,16.587357932517534,2.239977347286678,1.745172359104623,5.179873678820356
J141924.05+455402.8,568983_316,1-235582,8326-3704,12.15841947319929,10.426782178935223,13.709622709814123,15.630840206349362,13.404650700249476,17.625064042148498,22.85327593309268,19.598446225244352,25.768957175445568,29.38012667593757,25.195723993138134,33.128520757284065,6.144970665046813,4.52989166859986,8.567923605152377,3.269252566453951,2.409996852802819,4.55831406887805,0.7158089761334528,0.5137072623674037,1.0291768562037331
J204541.09-045700.0,302832_5126,1-595895,9187-12704,4.833326650993267,3.914969120146904,6.479078623370833,9.57252245073629,7.753692746763568,12.831974757914882,8.403898914404815,6.8071138398994115,11.265433880430988,16.644128742121406,13.481656581965954,22.31146920631769,,,,,,,,,
J075947.27+252125.0,471812_4252,1-218102,9499-6102,10.990267421478949,8.37860298668323,13.65983241611842,17.511095372952283,13.349858594448028,21.76458670602632,20.483898589663273,15.616221818847569,25.459491678675786,32.637559038140964,24.88175575242002,40.5653083619127,6.9093850158922425,3.958665745170994,11.387797673018657,3.7071062771680894,2.1239509159468377,6.109918051992662,2.5640165295938493,1.562856456067832,3.564089946110062
J230920.26+004523.3,336077_3307,1-28725,12071-12703,3.2297192661630887,2.604124743304272,4.2617990837965545,7.6037157085706655,6.13088091748107,10.033537273576636,4.993202285947527,4.026022248245402,6.5888156752220555,11.75547703340634,9.478448771928871,15.512023529549934,12.01261593078091,8.178371030802229,16.21364082432455,7.770039122558487,5.28996042446529,10.487359643398127,1.1517075274256658,0.7776525510732296,1.5582837667969571
J134630.60+224221.6,458951_1398,1-523004,8320-6101,14.154231836497628,4.8345566054177525,20.15281781982968,18.492506570969507,6.316349119199819,26.32966029253397,26.499658165293347,9.051292850381376,37.73025547849612,34.62180840407878,11.825515820635609,49.294585917500115,10.257933408984789,6.420352497785731,28.86892824022264,5.479058134579445,3.4292954708644214,15.41972732759594,2.8799537770071555,1.598491588582429,10.623311068400486
J075158.32+154241.0,420512_1714,1-412058,10217-6103,12.653692514658172,10.02814631700966,15.553061318500696,19.45026187241244,15.414478559105032,23.906943780409932,13.722023304590504,10.874806488655006,16.866181126415416,21.092416018838406,16.715898048820563,25.925368371034907,9.078418336894792,7.045838879116475,11.60195003807248,8.371616313759734,6.497283724502775,10.698677964136929,1.5346383262623715,1.1876133846512589,1.987118453749984
J084740.19+255336.9,475758_189,1-585315,10498-12705,14.69150117456368,11.889307032048135,19.744133180011794,16.59043098171947,13.426043083818808,22.29613399779695,33.30162838061303,26.949818114555956,44.754567831126465,37.605984620822056,30.433179842339182,50.53925803065781,6.938031688571684,2.964619782775403,9.1613626038611,3.0608143102440843,1.307885444008362,4.04166931169002,2.651102129862924,1.064769875972525,5.372575225841761
J084756.00+254947.9,474460_3754,1-605482,9500-12704,9.131583499724234,7.916504702945156,9.76499390981474,9.841698546118126,8.5321294852821,10.524365940253224,23.88408462655051,20.705989084734014,25.540799241096448,25.74142381237417,22.316184556305988,27.526972377286462,19.962643266173902,18.380927084004256,23.78179061074265,7.632301874262881,7.02756555649372,9.092473508218292,1.412378798034603,1.0904380806410636,2.7758996863021053
J085023.10+255715.9,475761_1552,1-605504,9500-12702,11.900981302258836,10.568216638389984,12.91796142846774,14.179795572660996,12.591831521617609,15.391508281457892,21.437221348664917,19.036514181801905,23.26910625958361,25.54204637833162,22.681648904261262,27.72470282402649,13.334868834453644,12.1156305593071,15.431364572948135,7.402919533542549,6.72605326997612,8.566799692182707,1.7982588215792228,1.480481367946993,2.5053359615580835
J074912.12+173358.1,430182_3823,1-382326,9492-6101,9.428150754591366,7.724771255171405,11.0755798862344,17.181410677820306,14.077253406526992,20.183606676816147,16.354400576329787,13.399658825572796,19.212088859144377,29.80347684350131,24.418896899026507,35.01119119324503,4.8370009788884465,3.085891235256737,7.2564977210462365,2.788483394192403,1.778985884715436,4.183299421159598,1.0417448724586928,0.6951708576242772,1.5643012588992806
J074944.38+275113.4,484718_5096,1-201197,8147-9101,14.29263827940043,12.108370023663948,18.558151307477388,16.651321014261164,14.106587760922704,21.620762298127627,25.557875175148254,21.652000392770873,33.185399736983925,29.775635237139888,25.2251825095556,38.66191344137745,9.557468207537925,5.326493940621711,12.483164460992548,5.344788446656023,2.978715979673874,6.980915001757308,2.625661394446454,1.410974310516426,5.6986318840106245
J075016.87+275125.1,484718_4932,1-556498,8145-3704,20.248875876779817,18.321717465009808,22.643009461454767,25.85147540754851,23.391097429457737,28.90803449079047,36.6092048470325,33.12497503109124,40.9377081854837,46.738493758966776,42.290223052525114,52.26463744646801,10.92216667680476,8.955720801154275,12.761929958090125,6.041147254309934,4.953488600678184,7.058736641488993,1.712714037582722,1.4240083656336795,1.9696899047478404
J094841.16+032229.0,349675_4503,1-78284,11753-6103,6.729372696345078,5.383018373411483,7.644221295810107,8.677177488564489,6.941123334670468,9.856827365444428,15.417863225634834,12.333191334077004,17.51389969369615,19.88053593404132,15.903011325904997,22.583266378106355,19.97250059620106,17.36949272259498,27.03552850005915,8.717316934446808,7.581192566454513,11.800088290902982,4.747359359551225,4.033485687471283,6.689425826049703
J105456.35+412954.3,550058_1812,1-277103,8256-6101,16.017392627838788,12.538671992415903,20.02341268511628,21.039778674800708,16.47027638804586,26.30191948200295,32.27490086602731,25.265310337932338,40.34699494651022,42.394963197201264,33.18745753515163,52.99812919566409,10.144980078016031,7.209320494349396,13.993183278906557,5.034752230090642,3.577842652941129,6.944539090048129,1.5466040377083106,1.1181637861730236,2.120404523267603
J100024.36+004216.5,335288_1299,1-1038,11866-6102,28.65503485729251,25.08854630872194,33.57743168727376,34.36370112516062,30.086695455485195,40.26673960783291,43.05929325230231,37.7000090267312,50.45607115405471,51.63758101680321,45.21061827571812,60.50794765117933,5.470582652301413,4.091173075568313,6.77297679228426,3.6405552611575898,2.722587813987364,4.507270589262668,1.2567531771187674,0.938616267091126,1.7115686488802315
J100518.76+022944.6,345373_1974,1-60707,10516-3704,5.601068049903902,3.078215192824045,8.42912847683122,6.651305156721476,3.65540079197578,10.009645518514498,12.584254394678076,6.916010075743578,18.938226804741163,14.943884881072506,8.212807462948103,22.489268918576514,,,,,,,,,
J145806.23+105716.3,394285_1227,1-333429,11970-6102,12.514822126431174,9.92741063790214,16.91981378230987,26.863052730063444,21.30917665028026,36.31836275619989,13.996339017131024,11.102627224472956,18.922797896087,30.04312720122165,23.831777835927294,40.61776608149655,8.037067795345886,6.507946468059448,10.151255566049072,7.186341639318162,5.819078285858411,9.076741968993083,1.8524525319554377,1.447400162370932,2.430969548386415
J080020.98+263648.8,478304_4251,1-163966,8940-12702,5.979882409160701,5.001004620338923,6.935157371462077,9.471085273235058,7.920714484036202,10.984073323549008,11.126633369900793,9.30525737537053,12.904092113352078,17.62263640651486,14.73789617610612,20.437819411300257,25.441804638563784,21.546726246481665,31.00521107015101,13.673408205127837,11.58004267534212,16.663397643016232,3.2904188735530453,2.6945632822943075,4.087003060216993
J083630.84+040215.6,353917_3356,1-213435,9511-3701,14.564151594830218,11.221456391122045,19.16812587924252,21.433221907259895,16.513970167608814,28.20862532507067,25.049721187331876,19.30042763446582,32.968361104476905,36.86422991598453,28.40332618766177,48.517635570461586,7.610702539346029,4.906216666143431,10.440995666815503,4.424936497187462,2.852522099883952,6.070496456039128,0.7381557894770516,0.4939846384084951,1.0323996848844246
J084326.10+033652.0,351048_5463,1-585278,10511-12705,15.483754345933695,12.182681021142892,21.235200727685875,17.09477626217838,13.450239630326951,23.444637341302855,28.398373724996908,22.343956180220605,38.94696033772455,31.35310947154355,24.66875430719422,42.99923378984532,10.431734500028227,6.092924203572908,14.316164051815,5.687734655673707,3.322068458218619,7.80565709504953,1.4170563226804584,0.5682494258472053,1.8399369219305777
J152854.94+074443.0,375831_2123,1-335905,11965-12705,6.417305485385304,5.723168447112394,7.29675131042754,8.811809194701183,7.858667233458141,10.019404629420222,7.307356973379099,6.516946241233671,8.308777989873791,10.033967607374954,8.948629131129517,11.409051112595542,10.614393669259105,8.924699007746371,12.218284074721428,9.321538138334182,7.837651849563246,10.730071310372534,0.8959714176768854,0.7817929277606295,1.0648137618008522
J135037.77+434550.7,559752_1816,1-251119,8332-6103,12.978103315009,10.602761050076609,15.28335811430776,18.250136654561803,14.90987037033224,21.491844174499025,13.646018485145056,11.148429764432112,16.069912704558458,19.1893758355707,15.6772034977847,22.597917104412215,7.639180588958025,6.158491683356471,9.841354483150752,7.265274851667085,5.857059435924864,9.359661602466296,1.8490698152023088,1.4389705924468932,2.50315639198692
J152622.18+092347.1,385802_324,1-335448,11965-9102,12.518168773635384,11.96615930930179,13.028250036826348,16.30424470618885,15.58528192901474,16.968598245871334,19.38818509470706,18.533230838852138,20.17820080091138,25.2520731992964,24.138541048378755,26.281026365578654,8.9308122873509,8.352199808653483,9.62311159408624,5.766265122424261,5.392678392800808,6.213254849479717,1.3394277384364588,1.108718981325416,1.694414657242698
J131150.26+465557.6,572914_729,1-284522,8318-9102,6.70897367642744,5.340444193036301,8.151830322111582,11.581071653951152,9.218707636428697,14.071739676507134,12.615944084818894,10.042481693462108,15.329175592689952,21.77772033029216,17.3353937106829,26.461317259106632,14.237738789253804,10.080665706048876,19.749592632173822,7.571420268412271,5.360749889826229,10.502543146878695,3.0883917558764544,2.3058666271059147,4.442963327687968
J130455.77+473013.1,574870_1890,1-284485,8318-12703,14.332052919280818,9.146163104861088,25.395268982395653,17.046640484289917,10.87850813399504,30.20530434703843,18.43600562674298,11.765147352860131,32.66714995325257,21.927909536438115,13.993545676844024,38.85452865934772,14.088196821855403,6.432336525791643,23.68266735447264,10.952089431735905,5.000464273483484,18.41077989809609,2.4681639562237128,1.2683369628743515,4.310068567741137
J131130.99+462030.3,569937_3077,1-284982,8324-12702,12.493512483160828,5.931729522895044,15.97564514435998,21.685414997073988,10.29590489686141,27.729471217031836,20.968598853396426,9.955571504817264,26.812867470841468,36.395910970269426,17.280224428957943,46.54000699566579,10.64127089566966,7.554972071634928,25.50017785340284,6.340282996553707,4.501404149453397,15.193518296655576,1.7295800276774846,1.2040995575477798,4.729285328767615
J130945.12+455445.6,568934_464,1-284292,8324-9101,9.69355883020376,7.787634610159329,12.261944193808349,12.488618757294322,10.033136577698563,15.797577436941411,16.80626485384235,13.501857484526749,21.259218142058327,21.65221650481694,17.395009778470705,27.38914315215855,13.329325165761391,9.432624055852669,17.620148561317244,7.688120994456606,5.4405721321057525,10.16299267930489,3.524033141997559,2.2300865832871866,5.605148726703118
J102621.13+004105.7,335314_1107,1-2386,11838-12703,18.4929978190835,16.832105668699242,21.094214559566304,23.05381455000125,20.983306566541753,26.296553716799103,42.51651879981186,38.6980274428615,48.496873176699125,53.00211189724138,48.24188900287243,60.457365074515586,6.154050091624107,5.281431408679053,6.784904791610574,2.6767674808653155,2.2972129957820773,2.9511642311246504,1.0033745081018923,0.8134260386676941,1.3118091680918098
J103657.37+001347.1,332444_1704,1-2742,12518-9101,13.4781238333948,11.088547260386308,18.090357416937824,16.93202105931983,13.930092797109603,22.726183298247907,23.01333973888214,18.93323644064238,30.88853807695994,28.91072659078606,23.785058076090763,38.80401928900785,11.814474566336091,7.907550809075204,15.153449636729334,6.919332571383923,4.631181316265304,8.874855758630982,2.985543916714117,2.2957223287199877,3.474415464575648
J101502.66+054036.9,364068_906,1-182839,10518-9102,8.180899273787292,6.476417485357601,10.34096002249736,14.388291351076978,11.390505929966707,18.18733377273949,14.237735634994914,11.27131833951701,17.997025765140425,25.04085206773128,19.823616787379184,31.652565506017048,11.08208416746515,7.726175985259143,15.19103201854142,6.3676849073407915,4.439404490107455,8.72865643769269,1.514393390021484,1.0941244125497476,2.0484360880087764
J074953.14+445223.3,563632_4612,1-339057,8141-3703,19.738156277725373,16.381879665205258,23.090949626249863,43.34293635793151,35.97290231983657,50.705321510915,20.588178550545543,17.08736412840199,24.085359702181385,45.20949677802737,37.522072757014264,52.888942515244814,6.211293677028401,4.691914981863185,8.491328201105484,5.954848554622886,4.49820031074884,8.140747498735655,1.17472644294909,0.8647852612419056,1.643597813041114
J074655.82+441556.5,561569_2164,1-338771,8141-12701,13.829137600121562,12.147625157482588,15.249908898422756,16.055590155903204,14.103358903187509,17.70510166778475,22.148519144238048,19.455436494837237,24.424003068827194,25.714368908798487,22.587707469377037,28.356199394253224,10.180413680518232,8.153215628424629,12.985404116203362,6.356467477450847,5.090721419101208,8.107853132153004,0.8008294390897952,0.7159702759164343,1.101293972214947
J075511.57+442255.7,562607_63,1-44172,8141-12704,18.549210152919965,16.283081263880106,22.94690350764648,25.21911334974929,22.138132496834576,31.198124114950456,19.636041707705743,17.23713625494614,24.29140381850251,26.69674651829217,23.435245460849423,33.026078268185046,5.424573701942167,3.956451515363291,6.4764556799399555,5.1243299991485305,3.737466629514868,6.117991560699055,2.773625232710986,2.0065743896780504,4.283252115655857
J074809.26+433526.4,558442_3729,1-43724,8137-9102,10.958722461287987,8.380611010029613,12.460703405027433,15.209420572851576,11.631304466308189,17.293993838251787,17.602146775308537,13.46112611085966,20.01466238730724,24.42971379523973,18.68246313632763,27.778002312544345,11.7747044294219,7.706752626322731,20.136388660592377,7.33068071485111,4.798060383642763,12.536487595570026,1.241056331120387,0.7985414195419934,2.472257591512338
J110637.35+460219.6,568848_2307,1-278062,8257-3703,20.567002761811494,18.725855823665917,22.22961208256433,23.404010036682113,21.30889574519308,25.295959275986505,40.83460202502992,37.17911058763026,44.13561728341789,46.46731693021588,42.30758790792193,50.22367341702506,5.996840852545132,5.2424240937165285,6.951040114959862,3.0204051529837175,2.6404310429660898,3.5010029277183143,0.916530117966118,0.7771329661085051,1.0903360576414052
J221321.50+132611.2,408794_1311,1-115158,7979-12702,11.893720655258903,9.607125607598348,14.614554511780876,16.34548545984633,13.203028428323032,20.084714884305132,21.126161195726585,17.06460830017681,25.959028580606528,29.033585927918516,23.451812509585235,35.675373292748894,10.965360864038754,8.346006147748172,14.533298700290846,6.173338250745079,4.698679745398781,8.182035218762877,1.4279125045293384,1.088957665176596,2.0654140488284236
J102433.13+464952.2,571811_2918,1-172948,8452-6102,16.049442224446707,9.28807503308795,19.49733250402073,17.80945996272042,10.306626119414911,21.635453603570664,19.156749048511948,11.086324375908282,23.272179847221857,21.257521004417193,12.302075508002687,25.824259151075584,13.122817687165586,10.391894301958606,26.591125453943206,10.994240398449625,8.706284494278375,22.277930904420675,1.0985275102357943,0.8780760957654402,3.957097851134383
J100453.01+443810.0,563728_90,1-167166,8456-6101,9.040365720790463,7.464084230453264,10.685171900766967,16.729636036135222,13.812650547020256,19.773429793030587,19.30240432187904,15.936830008705972,22.814288121449025,35.72003709813683,29.491878298934175,42.218948711069714,9.751448994138382,6.410833506184036,14.185886610243358,4.567133904387277,3.0025419893058793,6.644022210481813,0.9688784069183154,0.6569089762516229,1.41090298065789
J092609.43+491836.7,581443_2397,1-155926,8439-12702,13.304986595158802,10.969428807112832,19.50234219520048,16.051082059761704,13.23347458281152,23.527546810653508,24.586436777780033,20.27053285063604,36.038601014103875,29.66097796903344,24.45428891292852,43.47682262279562,14.897738860202022,8.991843832326857,18.827961325834945,8.061933399487158,4.865949577654597,10.188779094691617,1.7716922288285262,1.3916470890802803,2.2243553095347544
J093106.75+490447.1,580499_2863,1-155975,8439-6102,23.31303938275159,21.50432798287728,26.139382048857335,37.65212315714767,34.73093286249264,42.21685624069614,34.47770879957376,31.80280125433649,38.65759361896377,55.68381353390937,51.36365833347793,62.43460803215078,4.860431056040881,4.123780368384599,5.372737728214472,3.2865124908773176,2.7884061174957355,3.632922563943918,0.8615333481591262,0.7553459207044136,0.9671205222488132
J091014.98+461735.8,569770_2558,1-155463,8249-6101,10.477962148929796,9.54763512722523,12.161851709171293,13.49553355901621,12.297279608122146,15.664370184584405,19.49886232343186,17.76757925004926,22.63248031482409,25.114382654587946,22.88450355358565,29.150458197033966,9.31408635918713,7.633215567338423,10.555069194959128,5.00504299710597,4.101805657301387,5.671900938097985,1.1770605339425428,0.969959042067634,1.455300695826193
J081417.08+460037.1,568728_1869,1-45179,9487-9101,14.384451439225954,10.130051338411109,19.96769886532588,26.803978566295097,18.876331857174485,37.20779861962052,14.750477591740468,10.387820203066028,20.47579609942082,27.486031489074502,19.356658211812345,38.15458671437788,9.229713610806078,5.9269916281019075,14.120579746342328,9.000682615656071,5.779916123046082,13.770184212117584,1.6586257170204632,1.17565141713379,2.69769526076624
J081516.86+460430.8,568729_2649,1-574504,9487-9102,2.7006615519206085,2.3358727075902164,3.249345948659298,5.844603681857173,5.055150363962674,7.032032311363133,3.3355718134765193,2.8850231743277885,4.013248809675613,7.218636962591516,6.243587633158985,8.685223349278287,20.63124777978212,17.107564034919726,23.86198641114101,16.70418769636159,13.851220426273317,19.31997056476332,2.011413820692116,1.7532473646137747,2.32439225675531
J075135.62+425248.4,556339_39,1-43783,8140-12703,15.314556051066898,9.182956380260768,19.301620807889037,19.17787172612439,11.4994883913052,24.17073056023728,23.9374022249118,14.353411209253334,30.169379989240973,29.975954105050395,17.974264359050732,37.78003734232048,9.716005894259869,6.471243714671866,19.230165897612007,6.216059514815935,4.140141175608367,12.302983036471888,1.177391172259838,0.71911570289897,2.301136714516904
J081143.47+413317.9,549935_2505,1-72456,10213-12705,8.187891093402612,7.619252875103693,10.568108189450728,9.823747109293132,9.14150085204276,12.67950698079818,12.986999426551456,12.085069475270874,16.762315647641895,15.58166768702807,14.499541453226952,20.111253069946528,17.4108310129116,12.706916421574991,19.268506283139303,10.976976551481338,8.01130764509879,12.148181869965796,1.9534873929930967,1.7213732225888154,2.2877742994137966
J130801.65+264555.3,479870_2488,1-457054,9879-6102,8.937791968521084,6.47075006891751,10.970164481555951,15.659495072885967,11.33710419519385,19.220321669234306,13.16898117586253,9.534031016990197,16.16348758871712,23.07276747597763,16.70413814296955,28.31930471727584,15.778430606225402,13.071413378597002,22.844686282222195,10.70882617758408,8.871572671588341,15.504696289707926,3.039500641590123,2.3067505816207268,4.756934093061562
J125754.36+272926.2,483713_2333,1-456339,11014-12705,6.298829635924392,5.5017988764427255,6.959569543767067,9.401408236822563,8.211788580425523,10.38760503385308,18.63595823610442,16.277832551631754,20.590848594982415,27.815365931274485,24.295711723289127,30.7331654883891,15.162083482041554,13.100409816042554,18.05282152515936,5.124683129736755,4.427851176022634,6.101733315458286,1.59926212480741,1.3078411675790826,2.101538106667885
J125609.90+275039.3,484989_4007,1-456510,8951-6101,13.760961269052558,12.278200575954076,15.737623788977784,17.066259077827524,15.227348434590168,19.51770371275585,27.057524971836475,24.142043001038665,30.94414266140523,33.55657516547477,29.94081245256973,38.37673439198312,9.283064537302874,7.57199094465092,10.866227015045698,4.7211964763556775,3.850975809037043,5.526363895087163,1.1068550020555703,0.9222218822927754,1.33453676184389
J130208.66+282313.5,488810_120,1-404171,8932-6104,12.21897804221301,10.302334517780572,14.979732172000787,19.652993096004806,16.570265406091476,24.093387510745835,24.016745751464317,20.249528880834152,29.443085809393544,38.62851187811331,32.56932371246878,47.356232259198705,16.792843430396548,13.75036281384607,21.12286919570156,8.5436797835038,6.995759668422331,10.746663080907972,2.211428674588322,1.6911922647624902,2.8296122165360096
J130814.10+273057.0,483722_3144,1-457246,11004-12704,5.680297520839723,3.825991537735271,7.583665741471738,11.62764125138552,7.831853326064156,15.5238602007629,11.531369024266963,7.767008707463954,15.395328836344818,23.604859016556272,15.89916558339492,31.514433882974615,11.487073538737448,8.024976553568973,18.656239213489208,5.658477775403755,3.9530652714439927,9.189974679464578,1.4532935673514982,1.0070915309843576,2.385023765523496
J130325.33+280050.3,486271_2265,1-457147,9876-9102,7.516293310129829,6.218651686659215,9.018617440549072,9.472140872574386,7.836834245694296,11.365391336925022,14.084377070819034,11.65279634696431,16.899501316555718,17.749334440881483,14.68502145986099,21.296994481433707,16.06863067975946,12.832920818744824,20.253816391734738,8.575213562796183,6.848438977056471,10.80868709239556,3.3162143055978146,2.360142018703941,4.886952290822844
J130553.48+280644.7,486273_3834,1-457200,8932-12704,4.473804965597067,2.7004130658372723,5.6447380820361746,6.3131026419994924,3.810623170103267,7.965436842493608,9.020540832941478,5.4448476215464305,11.381495338268856,12.729119977877044,7.683366210462851,16.060724336994134,23.01684025072942,16.93191354013377,44.6086656225239,11.415374766669023,8.397509669961726,22.124002703020786,2.5809269267561312,1.7305752074773646,5.14030003909047
J130716.16+281702.1,487546_3090,1-403685,8934-12705,6.278134495494899,5.293794688132441,7.499977797577743,12.449376528392198,10.49745643134205,14.872259844644615,12.56343073407701,10.593628239806282,15.00851114843084,24.91295460604338,21.00688777116757,29.76148512770251,12.247090180884143,9.983494834089,14.70486996687656,6.1200543833534615,4.988901887561843,7.348243751637719,0.9418904902539712,0.7653642208061152,1.1550396332239647
J132456.26+262748.6,478596_1728,1-457602,9878-3703,18.39663349428474,15.8272339988867,20.7058535445108,20.52936870802429,17.66209684463553,23.106298332337403,37.83805211641111,32.55333129806383,42.58763788360381,42.22464525004357,36.327262871222565,47.52485397874251,8.503670179326456,7.099534654072868,10.392869320314997,4.134433325585931,3.451751073473073,5.052950591949383,1.095399538159194,0.8335162591050129,1.7027570481714425
J133045.20+263119.9,478601_2817,1-626395,8982-9102,7.112387594302232,4.371911251875007,10.493522815132176,7.836813019481333,4.817208084407312,11.562330529305196,14.279921360894503,8.777720286728798,21.068407565257363,15.734389071804598,9.67176657800668,23.21431003555229,10.61081531593822,4.977404989616028,20.332806182004077,5.284919245086357,2.479091628397141,10.127142495494722,2.708842724080984,1.0065832028804915,7.301351657835397
J133213.40+265657.0,481179_1459,1-626502,8982-6104,16.824666995981907,14.616098308867333,19.8572361766205,19.928252581748495,17.312277201583697,23.520228851937073,23.963065805274898,20.817441776137468,28.282298682338457,28.383446050648487,24.657560112172614,33.49943222464357,8.621696011832206,7.377119146723507,10.193063326592515,6.053364186302542,5.179536460062788,7.156634194157415,1.8519872833038016,1.2621608164762472,2.761887649887162
J134118.28+242946.3,468196_1631,1-523188,9881-12704,4.854452033582407,4.070391298860542,6.658607488965346,6.742619568742041,5.653593821562792,9.24851184955228,8.994029657420112,7.541370232108408,12.336657735740168,12.49231014138059,10.474630329104,17.135072977637343,14.11482430656389,8.390976004986731,18.190088348596134,7.618357973962025,4.52895888524713,9.817947542794222,1.000562623125674,0.6880088708775338,1.3203218526727645
J133524.50+275443.9,486299_526,1-626669,8984-9102,8.877990588505094,7.268224210827695,10.033361450642628,9.770435077330928,7.998849747748419,11.041947576270784,16.46413745306873,13.47884312940444,18.60676021143616,18.119166097983783,14.833780279502324,20.477172264710944,19.793845494930608,16.781639967626216,25.44798200624775,10.673475881456753,9.049198120275468,13.722367502817724,1.2858554192459342,0.8720676620432962,2.384564905043087
J133545.04+275203.4,485024_3433,1-395533,8984-12704,10.382443080053212,9.449783063756431,13.121450915434922,12.560850092227152,11.432502692545771,15.87454673919099,19.121668861378858,17.40395985451341,24.16618491921432,23.133708918898947,21.055596361869192,29.236647264117323,8.787951251670982,6.247395690809505,10.041963935110534,4.771571159515261,3.3921322782347434,5.452459182514791,1.0323265048961514,0.9107340063841988,1.141438267976453
J134145.21+270016.9,481187_1952,12-129618,7495-12704,11.6230605315377,10.493566465112968,13.038070990550631,14.326705228574385,12.934479101627584,16.07086182886235,20.03510851514133,18.088156924669494,22.474215497287748,24.695483013281375,22.295650245026504,27.701951633087,15.221084462209005,13.087409910758574,17.254856427998792,8.830278404841232,7.592459880056719,10.010139978730612,2.8916787678517997,2.3841370876202506,3.776256344240722
J135057.01+245844.2,470824_1543,1-422897,9882-6104,9.128249478964385,7.340201969707146,10.910471414745617,11.000454999387433,8.845678641918449,13.148210957269823,16.28441212410353,13.094610771136445,19.463820899659016,19.624347819972517,15.780317667076162,23.45585387606287,11.878208914501226,9.585637714346412,15.385359754422248,6.658346245999035,5.373242325524902,8.624284444024157,1.4275075799761976,0.9297053986835848,2.0838271975865448
J154433.85+101735.3,390080_3171,1-336690,11960-12704,13.192746655537846,10.978731968973436,14.94513428206864,19.738153528144423,16.425684719488043,22.35996511267646,18.80650753943599,15.65038812151194,21.304568934144264,28.137107672402266,23.415121322577747,31.87454920894424,15.905222737200576,13.546935120836142,19.76934573033556,11.157498202777967,9.503161745126391,13.86817670527877,2.251279445789846,1.9955981196811432,2.8230886265233357
J150056.67+113102.6,397115_2731,1-333381,11970-12704,8.241236958545215,7.127470156073007,9.84425347701842,11.58181519795536,10.016583989978075,13.834613069150636,13.021211604240236,11.261452324690442,15.553988831388034,18.299348412426173,15.826272238163302,21.858784687583807,19.454050948066634,15.604786343821289,23.046928169562023,12.31263637666558,9.876403660088236,14.586599310780016,2.0036528084157887,1.656366864653325,2.488592032624872
J231940.07+145136.8,415844_3395,1-118083,12088-9101,11.174155800252674,9.42147726732889,13.518697164006976,16.211744689457422,13.66891484115598,19.6132639346247,13.876214260159296,11.699714908728902,16.787696692194572,20.131958678867175,16.974238987741934,24.356010204525084,14.642916744934688,11.946963367621828,17.65575996828362,11.791561445387384,9.620580044876386,14.21772602805,1.6697103137671867,1.1977465418133602,2.1786377222519686
J232448.24+150000.2,417241_2217,1-118456,8622-12701,5.903377845541987,4.9301596812341595,6.981752805421703,14.1134581923629,11.786743854675835,16.69157538393766,9.604987500837856,8.021529936652952,11.35953858698983,22.963054894684213,19.177415093840217,27.157735304556795,23.018879378294532,19.420296298853085,29.03991099906435,14.147768806484493,11.936022500238517,17.848390454795826,2.1411255182109814,1.7647489035761117,2.7299220052265474
J232749.72+150709.2,417244_3990,1-118496,8621-12704,10.831310603240226,8.504666126356728,12.108123324637344,17.661150215504968,13.867406400973248,19.743075671775816,13.09736398303161,10.283954720837864,14.641302806584548,21.356096340018823,16.76865116210727,23.873588127038698,16.93699329461502,14.315616696095589,23.0727728165311,14.006622652973691,11.838786118582954,19.08081421403703,1.7573374652914733,1.3872687211293833,2.6328699387364276
J160536.80+221111.0,456416_1166,1-376312,9087-12701,9.649960925395265,8.583897765673985,10.682851513046282,13.527159165022054,12.032769068211856,14.975048486774536,12.21240766732586,10.863262525051564,13.51957160608775,17.119155567698428,15.227945725777415,18.95151683746025,16.240046575435883,13.759767687819853,19.361611170286444,12.83250765521418,10.872648878667258,15.299095504799226,1.5661584823107837,1.2135339657155422,1.93356498892494
J160459.96+233930.1,464378_481,1-376025,9089-6101,9.831382843098645,3.0266118428064335,14.95792627522735,10.96588020790552,3.375869237697482,16.684003696180724,16.531563313331564,5.08927646321459,25.151894621685784,18.439231371266892,5.676556078751446,28.054310143855524,18.5569225088452,11.113980815380057,66.11604170778405,11.035871569813748,6.609526167361294,39.31945852787635,4.65854443408445,2.3973127929357925,15.200992076003525
J160502.59+234005.9,464378_663,1-633593,9087-12704,6.74692668893625,2.545533686240916,10.494600820485406,7.735922658033706,2.918669881572983,12.03294833592037,11.309505860777229,4.2669395223392375,17.591527959007685,12.96730595620945,4.892407410540269,20.170176141187184,24.62954426995864,15.30179557868206,68.89037610012909,14.693279407337505,9.128612182474408,41.09802168570382,5.489869672413574,2.707580232236828,14.19476556090385
J161220.36+230007.2,460414_1943,1-318334,9095-9102,15.891562974966847,9.7373496806015,24.826823337657448,20.185749211947936,12.368556758783717,31.53547768792295,24.667025947960276,15.114401120526724,38.53641686724647,31.332500168453517,19.198584241734967,48.949650052337944,7.939163212697018,4.498200956851937,13.924586770265634,5.114751670075065,2.897935240781618,8.970819912660145,2.011288688715135,1.1441792754242628,4.488189354345501
J161411.21+191853.7,440245_4329,1-446290,11976-12705,5.0766907797400185,2.8007409634091043,7.614535113764504,8.263056266967574,4.558615281869808,12.393768858827084,8.229126663337224,4.539896782973049,12.342877802142985,13.394106436130198,7.389345577957866,20.08983769159868,14.719104199677046,8.687168104118388,28.694106567640866,9.080470338298266,5.359264478539978,17.70189136762475,4.415615357965373,2.857789662771382,9.164208936560025
J161346.03+225508.3,460416_624,1-318321,9095-6102,17.953846026308103,10.199585593484173,26.443844426765057,27.424808651412512,15.58004244968603,40.39342725503373,28.160905261546063,15.998219166202883,41.47760856153029,43.01626721744078,24.437554981454593,63.35776058518799,9.413974465300662,5.70210674195832,18.553586859470727,6.0018329125377345,3.6353499832438465,11.828747642055834,2.5377510401374215,1.642211542844981,5.203037611264927
J164924.10+225629.1,460448_1005,1-270268,11979-9101,11.33503662650598,8.462460796253488,13.68691206708527,20.830132146552856,15.551266615123367,25.152118729722808,12.990141703392975,9.698121719843616,15.685430324729545,23.871680101269423,17.822011842935478,28.824749068356393,9.922912225566275,7.68305306660639,14.281840015485235,8.658610205077228,6.70413686793159,12.46215656193651,1.3728937012880886,1.0121638912138315,2.0255028376698405
J165139.11+234237.5,464421_1558,1-273186,11979-12705,3.484366064412344,2.3790200560559818,4.900508493130552,5.241478720158932,3.5787235807417375,7.371760173836375,4.6517825398086785,3.1760968147536857,6.542395208516509,6.997605516321158,4.777753990238017,9.841625314443686,,,,,,,,,
J165139.23+235820.2,465739_1870,1-273213,11979-12703,8.643932140046786,6.040927375351898,11.272332868002522,14.5033442733126,10.13585576972531,18.913443754445403,12.205928689557991,8.530276217779852,15.917442307807702,20.479890759439108,14.312645070376783,26.70730658228849,13.752592564996688,9.921737613786798,20.565089630658864,9.739240651409062,7.0263253887671615,14.563679974098909,2.140728403938888,1.48719532978,3.1958100232137467
J170203.18+252459.1,473606_835,1-326068,11977-12703,8.934251302300712,7.863536351497335,9.923216736235709,11.50915634444547,10.12985489520619,12.783147573624255,14.240948262352166,12.534258389615854,15.817331677300002,18.345275334080085,16.146707159515117,20.37598194480117,19.74083459825608,17.08649998303383,23.290275523058256,12.384679304272783,10.719446620611986,14.61146902505894,1.6426038442023407,1.3138634609155224,2.231255185230694
J170523.27+221829.1,456471_4181,1-324698,11984-6102,18.967108389639083,16.44038953254477,21.178476475216055,20.366171986281305,17.653075727883106,22.740656374235563,26.14097550293894,22.658584070927244,29.18874207681618,28.069202328850693,24.329940583151764,31.341780148437053,12.45242894376225,10.081111669471538,15.652516242801925,9.035109246939308,7.314552500208917,11.356996685698777,1.3182069774413936,0.834980598719369,2.669814142439272
J154523.27+243024.3,468309_2636,1-441573,9886-12701,7.016154045332335,3.934741756781466,9.433949637041035,8.759829972688143,4.912615736932448,11.778503473189929,15.124053779707204,8.481747343961533,20.33586502573712,18.88272959117322,10.589656972231284,25.38979600818537,17.12207794127707,11.683746114201458,33.71659357755746,7.943051390981786,5.420171321645321,15.641362948696532,3.06507695464236,1.992410406771845,7.614510758923751
J212858.26+112159.3,396083_6226,1-114230,8619-12701,7.684444477417005,6.954891467544346,8.421906111021089,19.38576160390316,17.545297954466356,21.246176558177016,13.126695293894612,11.88046076263008,14.38643946716665,33.11507895754288,29.971168477527684,36.29307058683064,15.604511741196434,12.535631358779192,18.501609480234126,9.134972770198932,7.338432180315039,10.830950792301731,1.3982479062489,1.111941899107478,1.6745951026466168
J213118.92+113355.2,397498_4165,1-114059,8619-12703,8.619470209780918,7.355465987595837,9.918599351813262,10.44123165898166,8.910074803565044,12.014937234470686,9.375738239747555,8.000830915664556,10.788852326678509,11.357340132586335,9.691840336080157,13.0691218527057,13.14353373342517,11.01556480172848,15.524244523543492,12.083346886352404,10.127024691227552,14.272024215944894,2.5995114359012215,2.177119862667994,3.161994498653506
J160435.59+251123.8,472251_1211,1-318089,9089-12704,13.241021317641192,11.73468196186179,14.224750957056097,14.921176558511911,13.223697569132597,16.029731803868614,20.8535449287864,18.481181447134603,22.402840088215388,23.49965446688925,20.826261416495875,25.245539928480365,17.27537047497451,15.565928646279035,20.40484273235227,10.96904864426802,9.883633393656163,12.956116503205765,0.96955485764791,0.7010082118068897,1.5016506318263776
J160934.97+265445.9,481319_633,1-265783,9091-6104,9.018416901313977,5.706436925181796,12.27296288311116,10.000401908755707,6.327791600593173,13.609324428600154,14.16277893840356,8.961551188160069,19.27381070700003,15.704916181936568,9.937344279840346,21.37247096607348,,,,,,,,,
J154154.20+280801.9,487682_25,1-593975,9888-12701,11.487622658290109,10.197365203001464,12.98716028908929,15.809818423735733,14.034104101045656,17.873554182446902,17.338509603692867,15.391096988810864,19.60179317298278,23.862090244996264,21.181967407295083,26.97692987163352,19.041568895472388,15.906205349322988,22.452542960371133,12.615983916312596,10.538650042872211,14.875923429592625,1.653655534163329,1.2497117258427797,2.028727023908231
J154036.63+283044.8,488950_2938,1-316872,9042-12703,11.389443807846714,10.477226910832709,13.23848387373172,16.78513609794861,15.440760988368671,19.510149687730515,17.425221158708656,16.029579594172485,20.25415052724917,25.68033291355916,23.623513107437084,29.84945348375965,12.531923621636077,10.326297536549545,13.863328172119571,8.191094884412273,6.749457264527072,9.061325292114423,1.360431610657747,1.168090439074225,1.5341226188502748
J154401.51+281637.2,487684_2478,1-316945,9888-12704,7.311818066732788,5.587621034856033,8.284604808627622,10.414732316391785,7.958838257783518,11.80034030407749,11.03297820519338,8.43129581915234,12.500839525547953,15.71504017345143,12.00928253894885,17.805817404169545,15.418529807707,13.328392261557244,22.13586052392288,10.218227817887188,8.833043764437273,14.66996325845271,1.464651111566267,1.1774978488479446,2.46145391232873
J161525.19+260637.2,476161_4438,1-296414,9046-12702,12.049379127183856,10.89436571094044,13.2524048150604,17.248554262764074,15.595165206447506,18.970672360120957,18.79608122961058,16.994351384126396,20.672706432615577,26.906384436426272,24.32722789411415,29.592752862819008,13.20740423437297,11.70230422456049,14.977195601889717,8.46671276644778,7.501856293387387,9.601251764376354,2.0546306275194013,1.670792017938341,2.5689947669980273
J163045.22+260542.9,476175_4132,1-269638,9047-12703,11.151456355816014,9.926605044740985,12.121584380655936,13.744815000031023,12.23511490920017,14.940553906439945,11.919764285720513,10.610523730296954,12.956731746659589,14.691798965411154,13.07808424953467,15.969921343052524,22.00844994725835,20.020478009147812,25.2831350656544,20.58985925921584,18.73002530838981,23.65346918484001,1.993116400058393,1.593352809075439,2.98695954747849
J163456.88+254133.3,474882_1414,1-269966,11868-12703,7.319408634506233,3.49157041411655,10.496963737165188,8.45172509088209,4.031718236969446,12.120849678652124,8.5248235744603,4.066588335815306,12.225682209485948,9.843618371017444,4.695691740732718,14.117001829347062,15.866349821692609,10.00231871516357,36.422542296444504,13.622838862133934,8.58798511539712,31.27237393791367,1.2329865307879295,0.5606595093838954,2.8289182371675285
J164244.85+263551.3,478773_4369,1-272881,12651-9101,15.383249781406509,14.253077688549316,21.63025254896003,17.98975444344358,16.66808842889911,25.29523588544907,17.3459458268567,16.071578955337714,24.38998223827742,20.285005473394577,18.79471262791301,28.522568220721173,10.291277969539545,6.687398894250979,11.281577406065695,9.12681851745418,5.930718832229083,10.005065442847036,0.6963194379459935,0.5485849306164627,0.8164390659371953
J164959.67+270429.1,481355_3249,1-325038,11952-12701,16.768258253120514,16.012131853905306,17.70744016733882,19.47615432941649,18.597921526619523,20.567004173723276,18.61684235510696,17.777358267837215,19.65956255751772,21.623265181224472,20.64821330678711,22.83437365045222,11.072723426014006,10.252565164885947,11.92922775129541,9.973242638639377,9.234523081976594,10.744699228714309,1.012099416355622,0.776730662752757,1.3628524100652628
J165716.19+275055.0,485203_4234,1-634329,11952-12704,11.647809375418776,10.765092034030046,12.77534924864861,15.802092468824895,14.604547024623422,17.331778332045367,17.27091702671899,15.96205821303132,18.94278913307114,23.43072581987578,21.655052185812256,25.69888430093573,11.995481200708134,10.657300136658712,13.19583692642146,8.089962922994316,7.187470141648135,8.899503878704495,1.8097375217002785,1.6046692710535906,2.108604255914426
